id,sku,name,category,warehouse,supplier,qty,min,price,demand
P000001,PKG-0001,Heavy Duty Pallet Strap M6,Packaging,Mumbai,Jindal Pipes,920,261,88.84,29
P000002,PKG-0001,Heavy Duty Pallet Strap M6,Packaging,Hyderabad,Jindal Pipes,275,100,88.84,10
P000003,PKG-0001,Heavy Duty Pallet Strap M6,Packaging,Delhi,Jindal Pipes,336,161,88.84,23
P000004,PKG-0001,Heavy Duty Pallet Strap M6,Packaging,Chennai,Jindal Pipes,377,100,88.84,20
P000005,PKG-0001,Heavy Duty Pallet Strap M6,Packaging,Kolkata,Jindal Pipes,27,27,88.84,3
P000006,ELE-0002,Rubber Circuit Breaker 2.5mm,Electrical,Mumbai,Bharat Hardware,70,35,573.22,5
P000007,ELE-0002,Rubber Circuit Breaker 2.5mm,Electrical,Hyderabad,Bharat Hardware,34,30,573.22,10
P000008,ELE-0002,Rubber Circuit Breaker 2.5mm,Electrical,Chennai,Bharat Hardware,310,110,573.22,11
P000009,ELE-0002,Rubber Circuit Breaker 2.5mm,Electrical,Delhi,Bharat Hardware,67,35,573.22,7
P000010,ELE-0002,Rubber Circuit Breaker 2.5mm,Electrical,Kolkata,Bharat Hardware,80,80,573.22,16
P000011,PKG-0003,Compact Label Roll M10,Packaging,Mumbai,Apex Industrial,176,88,213.68,11
P000012,PKG-0003,Compact Label Roll M10,Packaging,Delhi,Apex Industrial,165,165,213.68,33
P000013,PKG-0003,Compact Label Roll M10,Packaging,Kolkata,Apex Industrial,80,80,213.68,8
P000014,PKG-0003,Compact Label Roll M10,Packaging,Chennai,Apex Industrial,126,63,213.68,9
P000015,PKG-0003,Compact Label Roll M10,Packaging,Hyderabad,Apex Industrial,175,81,213.68,9
P000016,TOL-0004,Steel Drill Bit 1 inch,Tools,Delhi,Mahindra Tools,96,96,415.86,24
P000017,TOL-0004,Steel Drill Bit 1 inch,Tools,Kolkata,Mahindra Tools,690,222,415.86,37
P000018,TOL-0004,Steel Drill Bit 1 inch,Tools,Mumbai,Mahindra Tools,93,93,415.86,31
P000019,TOL-0004,Steel Drill Bit 1 inch,Tools,Hyderabad,Mahindra Tools,138,72,415.86,18
P000020,PLU-0005,Stainless Water Tap 12mm,Plumbing,Delhi,Kaveri Packaging,377,189,112.46,21
P000021,PLU-0005,Stainless Water Tap 12mm,Plumbing,Mumbai,Kaveri Packaging,44,63,112.46,9
P000022,PLU-0005,Stainless Water Tap 12mm,Plumbing,Hyderabad,Kaveri Packaging,84,42,112.46,14
P000023,TOL-0006,Stainless Screwdriver Set M8,Tools,Kolkata,Godrej Safety,704,217,180.27,31
P000024,TOL-0006,Stainless Screwdriver Set M8,Tools,Delhi,Godrej Safety,159,48,180.27,6
P000025,TOL-0006,Stainless Screwdriver Set M8,Tools,Chennai,Godrej Safety,558,192,180.27,24
P000026,TOL-0006,Stainless Screwdriver Set M8,Tools,Mumbai,Godrej Safety,16,12,180.27,3
P000027,PLU-0007,Steel Ball Valve M10,Plumbing,Delhi,Kaveri Packaging,332,180,38.02,30
P000028,PLU-0007,Steel Ball Valve M10,Plumbing,Mumbai,Kaveri Packaging,702,280,38.02,40
P000029,PLU-0007,Steel Ball Valve M10,Plumbing,Chennai,Kaveri Packaging,66,66,38.02,11
P000030,PLU-0007,Steel Ball Valve M10,Plumbing,Kolkata,Kaveri Packaging,136,136,38.02,34
P000031,PLU-0008,Galvanized Teflon Tape 12mm,Plumbing,Mumbai,Sri Lakshmi Supplies,556,224,163.22,28
P000032,PLU-0008,Galvanized Teflon Tape 12mm,Plumbing,Hyderabad,Sri Lakshmi Supplies,437,165,163.22,33
P000033,PLU-0008,Galvanized Teflon Tape 12mm,Plumbing,Delhi,Sri Lakshmi Supplies,551,195,163.22,39
P000034,PLU-0008,Galvanized Teflon Tape 12mm,Plumbing,Kolkata,Sri Lakshmi Supplies,32,9,163.22,1
P000035,PLU-0008,Galvanized Teflon Tape 12mm,Plumbing,Chennai,Sri Lakshmi Supplies,80,80,163.22,16
P000036,TOL-0009,Compact Measuring Tape M10,Tools,Mumbai,Mahindra Tools,8,115,570.34,23
P000037,TOL-0009,Compact Measuring Tape M10,Tools,Hyderabad,Mahindra Tools,192,297,570.34,33
P000038,TOL-0009,Compact Measuring Tape M10,Tools,Delhi,Mahindra Tools,266,133,570.34,19
P000039,TOL-0009,Compact Measuring Tape M10,Tools,Kolkata,Mahindra Tools,112,84,570.34,21
P000040,TOL-0010,Industrial Screwdriver Set M6,Tools,Delhi,Mahindra Tools,499,300,300.13,30
P000041,TOL-0010,Industrial Screwdriver Set M6,Tools,Hyderabad,Mahindra Tools,313,192,300.13,32
P000042,TOL-0010,Industrial Screwdriver Set M6,Tools,Kolkata,Mahindra Tools,115,160,300.13,16
P000043,TOL-0010,Industrial Screwdriver Set M6,Tools,Mumbai,Mahindra Tools,129,270,300.13,27
P000044,TOL-0011,Galvanized Hacksaw Blade 12mm,Tools,Mumbai,Mahindra Tools,123,88,620.56,22
P000045,TOL-0011,Galvanized Hacksaw Blade 12mm,Tools,Delhi,Mahindra Tools,602,225,620.56,25
P000046,TOL-0011,Galvanized Hacksaw Blade 12mm,Tools,Kolkata,Mahindra Tools,74,20,620.56,2
P000047,FAS-0012,Galvanized Wood Screw 12mm,Fasteners,Chennai,Reliance Industrial,108,78,263.04,13
P000048,FAS-0012,Galvanized Wood Screw 12mm,Fasteners,Hyderabad,Reliance Industrial,78,100,263.04,25
P000049,FAS-0012,Galvanized Wood Screw 12mm,Fasteners,Kolkata,Reliance Industrial,3,10,263.04,2
P000050,PKG-0013,Zinc Bubble Wrap 2.5mm,Packaging,Hyderabad,Apex Industrial,220,110,336.30,11
P000051,PKG-0013,Zinc Bubble Wrap 2.5mm,Packaging,Chennai,Apex Industrial,184,184,336.30,23
P000052,PKG-0013,Zinc Bubble Wrap 2.5mm,Packaging,Mumbai,Apex Industrial,368,189,336.30,21
P000053,PKG-0013,Zinc Bubble Wrap 2.5mm,Packaging,Kolkata,Apex Industrial,193,160,336.30,40
P000054,PKG-0013,Zinc Bubble Wrap 2.5mm,Packaging,Delhi,Apex Industrial,1251,360,336.30,40
P000055,FAS-0014,Rubber Anchor Bolt M6,Fasteners,Mumbai,Reliance Industrial,883,306,175.27,34
P000056,FAS-0014,Rubber Anchor Bolt M6,Fasteners,Kolkata,Reliance Industrial,780,228,175.27,38
P000057,FAS-0014,Rubber Anchor Bolt M6,Fasteners,Hyderabad,Reliance Industrial,83,45,175.27,15
P000058,FAS-0014,Rubber Anchor Bolt M6,Fasteners,Delhi,Reliance Industrial,256,84,175.27,12
P000059,FAS-0014,Rubber Anchor Bolt M6,Fasteners,Chennai,Reliance Industrial,284,96,175.27,32
P000060,SAF-0015,Galvanized Work Gloves M8,Safety,Hyderabad,Havells Direct,61,60,397.95,12
P000061,SAF-0015,Galvanized Work Gloves M8,Safety,Chennai,Havells Direct,49,21,397.95,3
P000062,SAF-0015,Galvanized Work Gloves M8,Safety,Kolkata,Havells Direct,44,18,397.95,2
P000063,TOL-0016,Galvanized Measuring Tape 50mm,Tools,Chennai,Mahindra Tools,274,90,785.75,18
P000064,TOL-0016,Galvanized Measuring Tape 50mm,Tools,Mumbai,Mahindra Tools,314,144,785.75,36
P000065,TOL-0016,Galvanized Measuring Tape 50mm,Tools,Kolkata,Mahindra Tools,754,240,785.75,40
P000066,TOL-0016,Galvanized Measuring Tape 50mm,Tools,Delhi,Mahindra Tools,200,200,785.75,40
P000067,SAF-0017,Steel Safety Helmet 25mm,Safety,Chennai,Larsen Fittings,96,96,118.18,32
P000068,SAF-0017,Steel Safety Helmet 25mm,Safety,Delhi,Larsen Fittings,349,112,118.18,14
P000069,SAF-0017,Steel Safety Helmet 25mm,Safety,Hyderabad,Larsen Fittings,224,100,118.18,25
P000070,SAF-0017,Steel Safety Helmet 25mm,Safety,Kolkata,Larsen Fittings,145,145,118.18,29
P000071,PKG-0018,Rubber Packing Tape M10,Packaging,Chennai,Apex Industrial,95,52,100.62,13
P000072,PKG-0018,Rubber Packing Tape M10,Packaging,Delhi,Apex Industrial,160,80,100.62,8
P000073,PKG-0018,Rubber Packing Tape M10,Packaging,Hyderabad,Apex Industrial,320,160,100.62,20
P000074,PKG-0018,Rubber Packing Tape M10,Packaging,Kolkata,Apex Industrial,70,35,100.62,5
P000075,PKG-0018,Rubber Packing Tape M10,Packaging,Mumbai,Apex Industrial,227,350,100.62,35
P000076,PKG-0019,Zinc Stretch Film M10,Packaging,Mumbai,Jindal Pipes,210,210,358.13,35
P000077,PKG-0019,Zinc Stretch Film M10,Packaging,Kolkata,Jindal Pipes,672,204,358.13,34
P000078,PKG-0019,Zinc Stretch Film M10,Packaging,Chennai,Jindal Pipes,246,216,358.13,24
P000079,PKG-0019,Zinc Stretch Film M10,Packaging,Delhi,Jindal Pipes,540,270,358.13,27
P000080,TOL-0020,Steel Measuring Tape 50mm,Tools,Chennai,Mahindra Tools,14,120,805.37,20
P000081,TOL-0020,Steel Measuring Tape 50mm,Tools,Delhi,Mahindra Tools,156,78,805.37,13
P000082,TOL-0020,Steel Measuring Tape 50mm,Tools,Hyderabad,Mahindra Tools,111,105,805.37,21
P000083,TOL-0021,Stainless Drill Bit 25mm,Tools,Hyderabad,Godrej Safety,451,280,1020.02,40
P000084,TOL-0021,Stainless Drill Bit 25mm,Tools,Delhi,Godrej Safety,56,48,1020.02,8
P000085,TOL-0021,Stainless Drill Bit 25mm,Tools,Kolkata,Godrej Safety,0,76,1020.02,19
P000086,ELE-0022,Stainless Glass Fuse 1 inch,Electrical,Hyderabad,Bharat Hardware,239,72,300.86,9
P000087,ELE-0022,Stainless Glass Fuse 1 inch,Electrical,Mumbai,Bharat Hardware,677,350,300.86,35
P000088,ELE-0022,Stainless Glass Fuse 1 inch,Electrical,Chennai,Bharat Hardware,68,68,300.86,17
P000089,FAS-0023,Stainless Hex Bolt 50mm,Fasteners,Chennai,Reliance Industrial,203,182,222.66,26
P000090,FAS-0023,Stainless Hex Bolt 50mm,Fasteners,Delhi,Reliance Industrial,155,155,222.66,31
P000091,FAS-0023,Stainless Hex Bolt 50mm,Fasteners,Mumbai,Reliance Industrial,739,252,222.66,28
P000092,PKG-0024,Compact Stretch Film M8,Packaging,Hyderabad,Apex Industrial,225,160,293.07,32
P000093,PKG-0024,Compact Stretch Film M8,Packaging,Mumbai,Apex Industrial,774,273,293.07,39
P000094,PKG-0024,Compact Stretch Film M8,Packaging,Chennai,Apex Industrial,684,260,293.07,26
P000095,PKG-0024,Compact Stretch Film M8,Packaging,Kolkata,Apex Industrial,57,42,293.07,7
P000096,PKG-0024,Compact Stretch Film M8,Packaging,Delhi,Apex Industrial,341,112,293.07,28
P000097,PKG-0025,Premium Bubble Wrap M10,Packaging,Hyderabad,Jindal Pipes,326,200,106.41,20
P000098,PKG-0025,Premium Bubble Wrap M10,Packaging,Delhi,Jindal Pipes,1028,360,106.41,40
P000099,PKG-0025,Premium Bubble Wrap M10,Packaging,Chennai,Jindal Pipes,44,44,106.41,11
P000100,SAF-0026,Heavy Duty Work Gloves M10,Safety,Kolkata,Havells Direct,65,50,404.07,10
P000101,SAF-0026,Heavy Duty Work Gloves M10,Safety,Delhi,Havells Direct,129,66,404.07,11
P000102,SAF-0026,Heavy Duty Work Gloves M10,Safety,Chennai,Havells Direct,0,8,404.07,2
P000103,FAS-0027,Premium Hex Bolt 25mm,Fasteners,Chennai,Reliance Industrial,191,160,19.99,16
P000104,FAS-0027,Premium Hex Bolt 25mm,Fasteners,Hyderabad,Reliance Industrial,360,180,19.99,36
P000105,FAS-0027,Premium Hex Bolt 25mm,Fasteners,Mumbai,Reliance Industrial,382,333,19.99,37
P000106,FAS-0027,Premium Hex Bolt 25mm,Fasteners,Kolkata,Reliance Industrial,187,192,19.99,32
P000107,ELE-0028,Premium Glass Fuse 25mm,Electrical,Kolkata,Anand Electricals,90,90,675.02,9
P000108,ELE-0028,Premium Glass Fuse 25mm,Electrical,Delhi,Anand Electricals,560,144,675.02,24
P000109,ELE-0028,Premium Glass Fuse 25mm,Electrical,Mumbai,Anand Electricals,18,10,675.02,2
P000110,ELE-0028,Premium Glass Fuse 25mm,Electrical,Hyderabad,Anand Electricals,327,162,675.02,18
P000111,PKG-0029,Premium Cardboard Box 12mm,Packaging,Kolkata,Apex Industrial,170,66,193.03,22
P000112,PKG-0029,Premium Cardboard Box 12mm,Packaging,Chennai,Apex Industrial,160,160,193.03,20
P000113,PKG-0029,Premium Cardboard Box 12mm,Packaging,Mumbai,Apex Industrial,496,248,193.03,31
P000114,PKG-0029,Premium Cardboard Box 12mm,Packaging,Hyderabad,Apex Industrial,102,51,193.03,17
P000115,PKG-0029,Premium Cardboard Box 12mm,Packaging,Delhi,Apex Industrial,72,36,193.03,12
P000116,PKG-0030,Rubber Stretch Film M10,Packaging,Chennai,Apex Industrial,140,140,284.05,28
P000117,PKG-0030,Rubber Stretch Film M10,Packaging,Mumbai,Apex Industrial,502,190,284.05,19
P000118,PKG-0030,Rubber Stretch Film M10,Packaging,Kolkata,Apex Industrial,55,55,284.05,11
P000119,PKG-0030,Rubber Stretch Film M10,Packaging,Hyderabad,Apex Industrial,70,35,284.05,7
P000120,PKG-0030,Rubber Stretch Film M10,Packaging,Delhi,Apex Industrial,42,18,284.05,6
P000121,SAF-0031,Industrial Work Gloves 25mm,Safety,Mumbai,Larsen Fittings,703,225,255.82,25
P000122,SAF-0031,Industrial Work Gloves 25mm,Safety,Kolkata,Larsen Fittings,417,150,255.82,25
P000123,SAF-0031,Industrial Work Gloves 25mm,Safety,Chennai,Larsen Fittings,643,180,255.82,36
P000124,FAS-0032,Steel Hex Bolt 2.5mm,Fasteners,Kolkata,Tata Steel Traders,389,117,275.60,13
P000125,FAS-0032,Steel Hex Bolt 2.5mm,Fasteners,Hyderabad,Tata Steel Traders,636,260,275.60,26
P000126,FAS-0032,Steel Hex Bolt 2.5mm,Fasteners,Chennai,Tata Steel Traders,75,24,275.60,3
P000127,FAS-0032,Steel Hex Bolt 2.5mm,Fasteners,Mumbai,Tata Steel Traders,569,370,275.60,37
P000128,FAS-0032,Steel Hex Bolt 2.5mm,Fasteners,Delhi,Tata Steel Traders,96,96,275.60,16
P000129,PKG-0033,Rubber Bubble Wrap M8,Packaging,Chennai,Apex Industrial,602,380,395.40,38
P000130,PKG-0033,Rubber Bubble Wrap M8,Packaging,Hyderabad,Apex Industrial,208,208,395.40,26
P000131,PKG-0033,Rubber Bubble Wrap M8,Packaging,Mumbai,Apex Industrial,517,150,395.40,30
P000132,FAS-0034,Heavy Duty Hex Bolt 50mm,Fasteners,Chennai,Tata Steel Traders,461,280,388.30,28
P000133,FAS-0034,Heavy Duty Hex Bolt 50mm,Fasteners,Delhi,Tata Steel Traders,1246,330,388.30,33
P000134,FAS-0034,Heavy Duty Hex Bolt 50mm,Fasteners,Mumbai,Tata Steel Traders,480,176,388.30,22
P000135,FAS-0034,Heavy Duty Hex Bolt 50mm,Fasteners,Hyderabad,Tata Steel Traders,77,39,388.30,13
P000136,FAS-0034,Heavy Duty Hex Bolt 50mm,Fasteners,Kolkata,Tata Steel Traders,358,108,388.30,18
P000137,PLU-0035,Brass PVC Pipe 1 inch,Plumbing,Kolkata,Sri Lakshmi Supplies,40,40,234.85,4
P000138,PLU-0035,Brass PVC Pipe 1 inch,Plumbing,Mumbai,Sri Lakshmi Supplies,995,297,234.85,33
P000139,PLU-0035,Brass PVC Pipe 1 inch,Plumbing,Chennai,Sri Lakshmi Supplies,166,153,234.85,17
P000140,PLU-0035,Brass PVC Pipe 1 inch,Plumbing,Delhi,Sri Lakshmi Supplies,220,87,234.85,29
P000141,ELE-0036,Stainless LED Bulb M8,Electrical,Chennai,Bharat Hardware,88,168,207.53,24
P000142,ELE-0036,Stainless LED Bulb M8,Electrical,Hyderabad,Bharat Hardware,117,66,207.53,11
P000143,ELE-0036,Stainless LED Bulb M8,Electrical,Delhi,Bharat Hardware,208,208,207.53,26
P000144,ELE-0036,Stainless LED Bulb M8,Electrical,Mumbai,Bharat Hardware,960,320,207.53,32
P000145,FAS-0037,Heavy Duty Hex Bolt 1 inch,Fasteners,Chennai,Reliance Industrial,345,99,393.23,11
P000146,FAS-0037,Heavy Duty Hex Bolt 1 inch,Fasteners,Hyderabad,Reliance Industrial,95,95,393.23,19
P000147,FAS-0037,Heavy Duty Hex Bolt 1 inch,Fasteners,Delhi,Reliance Industrial,352,96,393.23,16
P000148,PKG-0038,Premium Packing Tape 2.5mm,Packaging,Mumbai,Jindal Pipes,231,115,73.03,23
P000149,PKG-0038,Premium Packing Tape 2.5mm,Packaging,Hyderabad,Jindal Pipes,663,240,73.03,30
P000150,PKG-0038,Premium Packing Tape 2.5mm,Packaging,Delhi,Jindal Pipes,319,120,73.03,24
P000151,PKG-0038,Premium Packing Tape 2.5mm,Packaging,Chennai,Jindal Pipes,143,44,73.03,11
P000152,PLU-0039,Premium Elbow Joint 50mm,Plumbing,Mumbai,Sri Lakshmi Supplies,20,10,275.72,2
P000153,PLU-0039,Premium Elbow Joint 50mm,Plumbing,Delhi,Sri Lakshmi Supplies,671,216,275.72,27
P000154,PLU-0039,Premium Elbow Joint 50mm,Plumbing,Kolkata,Sri Lakshmi Supplies,120,120,275.72,12
P000155,ELE-0040,Brass Switch Socket 2.5mm,Electrical,Delhi,Bharat Hardware,36,18,399.93,6
P000156,ELE-0040,Brass Switch Socket 2.5mm,Electrical,Kolkata,Bharat Hardware,328,135,399.93,27
P000157,ELE-0040,Brass Switch Socket 2.5mm,Electrical,Mumbai,Bharat Hardware,135,45,399.93,9
P000158,PKG-0041,Zinc Label Roll 2.5mm,Packaging,Mumbai,Jindal Pipes,379,144,16.61,16
P000159,PKG-0041,Zinc Label Roll 2.5mm,Packaging,Kolkata,Jindal Pipes,126,72,16.61,12
P000160,PKG-0041,Zinc Label Roll 2.5mm,Packaging,Delhi,Jindal Pipes,188,185,16.61,37
P000161,PKG-0041,Zinc Label Roll 2.5mm,Packaging,Chennai,Jindal Pipes,389,180,16.61,18
P000162,PKG-0041,Zinc Label Roll 2.5mm,Packaging,Hyderabad,Jindal Pipes,211,90,16.61,10
P000163,ELE-0042,Rubber Switch Socket 50mm,Electrical,Mumbai,Anand Electricals,179,140,744.80,35
P000164,ELE-0042,Rubber Switch Socket 50mm,Electrical,Delhi,Anand Electricals,214,156,744.80,26
P000165,ELE-0042,Rubber Switch Socket 50mm,Electrical,Hyderabad,Anand Electricals,236,130,744.80,13
P000166,ELE-0042,Rubber Switch Socket 50mm,Electrical,Kolkata,Anand Electricals,20,200,744.80,20
P000167,ELE-0042,Rubber Switch Socket 50mm,Electrical,Chennai,Anand Electricals,608,304,744.80,38
P000168,SAF-0043,Galvanized Work Gloves 50mm,Safety,Kolkata,Havells Direct,0,40,17.05,4
P000169,SAF-0043,Galvanized Work Gloves 50mm,Safety,Chennai,Havells Direct,23,18,17.05,2
P000170,SAF-0043,Galvanized Work Gloves 50mm,Safety,Hyderabad,Havells Direct,136,130,17.05,26
P000171,SAF-0044,Zinc Dust Mask M8,Safety,Chennai,Larsen Fittings,46,96,224.71,16
P000172,SAF-0044,Zinc Dust Mask M8,Safety,Hyderabad,Larsen Fittings,80,40,224.71,8
P000173,SAF-0044,Zinc Dust Mask M8,Safety,Kolkata,Larsen Fittings,1,3,224.71,1
P000174,SAF-0044,Zinc Dust Mask M8,Safety,Mumbai,Larsen Fittings,414,234,224.71,26
P000175,PKG-0045,Rubber Pallet Strap 1 inch,Packaging,Hyderabad,Jindal Pipes,224,224,109.65,32
P000176,PKG-0045,Rubber Pallet Strap 1 inch,Packaging,Delhi,Jindal Pipes,50,25,109.65,5
P000177,PKG-0045,Rubber Pallet Strap 1 inch,Packaging,Kolkata,Jindal Pipes,300,120,109.65,30
P000178,SAF-0046,Stainless Dust Mask 2.5mm,Safety,Mumbai,Havells Direct,54,54,369.24,6
P000179,SAF-0046,Stainless Dust Mask 2.5mm,Safety,Hyderabad,Havells Direct,288,144,369.24,24
P000180,SAF-0046,Stainless Dust Mask 2.5mm,Safety,Chennai,Havells Direct,133,133,369.24,19
P000181,SAF-0046,Stainless Dust Mask 2.5mm,Safety,Kolkata,Havells Direct,132,224,369.24,28
P000182,SAF-0046,Stainless Dust Mask 2.5mm,Safety,Delhi,Havells Direct,459,260,369.24,26
P000183,FAS-0047,Stainless Anchor Bolt 25mm,Fasteners,Mumbai,Reliance Industrial,117,111,269.65,37
P000184,FAS-0047,Stainless Anchor Bolt 25mm,Fasteners,Delhi,Reliance Industrial,350,217,269.65,31
P000185,FAS-0047,Stainless Anchor Bolt 25mm,Fasteners,Hyderabad,Reliance Industrial,290,80,269.65,10
P000186,PLU-0048,Stainless Elbow Joint M6,Plumbing,Kolkata,Kaveri Packaging,83,33,11.63,11
P000187,PLU-0048,Stainless Elbow Joint M6,Plumbing,Chennai,Kaveri Packaging,125,52,11.63,13
P000188,PLU-0048,Stainless Elbow Joint M6,Plumbing,Delhi,Kaveri Packaging,147,80,11.63,20
P000189,PLU-0048,Stainless Elbow Joint M6,Plumbing,Hyderabad,Kaveri Packaging,110,84,11.63,28
P000190,PLU-0048,Stainless Elbow Joint M6,Plumbing,Mumbai,Kaveri Packaging,427,128,11.63,16
P000191,PLU-0049,Steel PVC Pipe 2.5mm,Plumbing,Delhi,Sri Lakshmi Supplies,37,21,367.71,7
P000192,PLU-0049,Steel PVC Pipe 2.5mm,Plumbing,Mumbai,Sri Lakshmi Supplies,27,27,367.71,3
P000193,PLU-0049,Steel PVC Pipe 2.5mm,Plumbing,Chennai,Sri Lakshmi Supplies,940,333,367.71,37
P000194,PLU-0049,Steel PVC Pipe 2.5mm,Plumbing,Kolkata,Sri Lakshmi Supplies,1515,400,367.71,40
P000195,PKG-0050,Industrial Packing Tape 50mm,Packaging,Mumbai,Apex Industrial,128,45,315.94,15
P000196,PKG-0050,Industrial Packing Tape 50mm,Packaging,Delhi,Apex Industrial,30,12,315.94,3
P000197,PKG-0050,Industrial Packing Tape 50mm,Packaging,Chennai,Apex Industrial,349,110,315.94,22
P000198,FAS-0051,Rubber Hex Nut 50mm,Fasteners,Hyderabad,Tata Steel Traders,477,189,285.03,27
P000199,FAS-0051,Rubber Hex Nut 50mm,Fasteners,Mumbai,Tata Steel Traders,78,78,285.03,13
P000200,FAS-0051,Rubber Hex Nut 50mm,Fasteners,Chennai,Tata Steel Traders,67,36,285.03,12
P000201,PKG-0052,Steel Packing Tape M10,Packaging,Hyderabad,Apex Industrial,24,45,162.14,15
P000202,PKG-0052,Steel Packing Tape M10,Packaging,Delhi,Apex Industrial,55,40,162.14,10
P000203,PKG-0052,Steel Packing Tape M10,Packaging,Kolkata,Apex Industrial,24,12,162.14,4
P000204,PLU-0053,Heavy Duty Elbow Joint M8,Plumbing,Mumbai,Sri Lakshmi Supplies,219,66,255.31,22
P000205,PLU-0053,Heavy Duty Elbow Joint M8,Plumbing,Chennai,Sri Lakshmi Supplies,194,54,255.31,18
P000206,PLU-0053,Heavy Duty Elbow Joint M8,Plumbing,Kolkata,Sri Lakshmi Supplies,234,234,255.31,26
P000207,PLU-0053,Heavy Duty Elbow Joint M8,Plumbing,Hyderabad,Sri Lakshmi Supplies,457,216,255.31,36
P000208,PKG-0054,Industrial Bubble Wrap 50mm,Packaging,Hyderabad,Jindal Pipes,159,63,168.90,7
P000209,PKG-0054,Industrial Bubble Wrap 50mm,Packaging,Kolkata,Jindal Pipes,9,3,168.90,1
P000210,PKG-0054,Industrial Bubble Wrap 50mm,Packaging,Chennai,Jindal Pipes,150,114,168.90,19
P000211,PKG-0054,Industrial Bubble Wrap 50mm,Packaging,Mumbai,Jindal Pipes,563,198,168.90,22
P000212,PKG-0054,Industrial Bubble Wrap 50mm,Packaging,Delhi,Jindal Pipes,254,68,168.90,17
P000213,TOL-0055,Rubber Adjustable Spanner 25mm,Tools,Mumbai,Godrej Safety,261,100,1065.34,10
P000214,TOL-0055,Rubber Adjustable Spanner 25mm,Tools,Hyderabad,Godrej Safety,76,42,1065.34,7
P000215,TOL-0055,Rubber Adjustable Spanner 25mm,Tools,Chennai,Godrej Safety,30,30,1065.34,5
P000216,TOL-0055,Rubber Adjustable Spanner 25mm,Tools,Delhi,Godrej Safety,471,200,1065.34,20
P000217,TOL-0055,Rubber Adjustable Spanner 25mm,Tools,Kolkata,Godrej Safety,303,120,1065.34,24
P000218,SAF-0056,Premium Ear Plug M10,Safety,Delhi,Havells Direct,68,66,392.97,11
P000219,SAF-0056,Premium Ear Plug M10,Safety,Kolkata,Havells Direct,165,135,392.97,27
P000220,SAF-0056,Premium Ear Plug M10,Safety,Mumbai,Havells Direct,619,224,392.97,32
P000221,SAF-0056,Premium Ear Plug M10,Safety,Hyderabad,Havells Direct,280,117,392.97,13
P000222,SAF-0056,Premium Ear Plug M10,Safety,Chennai,Havells Direct,654,225,392.97,25
P000223,TOL-0057,Compact Hacksaw Blade 2.5mm,Tools,Hyderabad,Godrej Safety,60,30,1235.72,5
P000224,TOL-0057,Compact Hacksaw Blade 2.5mm,Tools,Delhi,Godrej Safety,251,182,1235.72,26
P000225,TOL-0057,Compact Hacksaw Blade 2.5mm,Tools,Kolkata,Godrej Safety,171,80,1235.72,16
P000226,TOL-0057,Compact Hacksaw Blade 2.5mm,Tools,Chennai,Godrej Safety,908,350,1235.72,35
P000227,TOL-0057,Compact Hacksaw Blade 2.5mm,Tools,Mumbai,Godrej Safety,168,168,1235.72,21
P000228,ELE-0058,Compact Cable Tie M8,Electrical,Mumbai,Bharat Hardware,231,104,423.89,13
P000229,ELE-0058,Compact Cable Tie M8,Electrical,Hyderabad,Bharat Hardware,6,3,423.89,1
P000230,ELE-0058,Compact Cable Tie M8,Electrical,Kolkata,Bharat Hardware,70,70,423.89,14
P000231,ELE-0058,Compact Cable Tie M8,Electrical,Delhi,Bharat Hardware,511,140,423.89,28
P000232,ELE-0058,Compact Cable Tie M8,Electrical,Chennai,Bharat Hardware,42,42,423.89,7
P000233,FAS-0059,Premium Hex Bolt M6,Fasteners,Chennai,Reliance Industrial,21,7,281.54,1
P000234,FAS-0059,Premium Hex Bolt M6,Fasteners,Hyderabad,Reliance Industrial,542,150,281.54,15
P000235,FAS-0059,Premium Hex Bolt M6,Fasteners,Kolkata,Reliance Industrial,614,156,281.54,39
P000236,SAF-0060,Galvanized Ear Plug 2.5mm,Safety,Chennai,Larsen Fittings,109,72,393.94,18
P000237,SAF-0060,Galvanized Ear Plug 2.5mm,Safety,Kolkata,Larsen Fittings,189,81,393.94,9
P000238,SAF-0060,Galvanized Ear Plug 2.5mm,Safety,Hyderabad,Larsen Fittings,849,256,393.94,32
P000239,SAF-0060,Galvanized Ear Plug 2.5mm,Safety,Delhi,Larsen Fittings,450,117,393.94,39
P000240,PKG-0061,Zinc Label Roll 12mm,Packaging,Kolkata,Apex Industrial,425,160,42.01,20
P000241,PKG-0061,Zinc Label Roll 12mm,Packaging,Hyderabad,Apex Industrial,48,48,42.01,8
P000242,PKG-0061,Zinc Label Roll 12mm,Packaging,Mumbai,Apex Industrial,101,30,42.01,5
P000243,PKG-0061,Zinc Label Roll 12mm,Packaging,Chennai,Apex Industrial,104,91,42.01,13
P000244,PKG-0061,Zinc Label Roll 12mm,Packaging,Delhi,Apex Industrial,720,360,42.01,40
P000245,PLU-0062,Heavy Duty Ball Valve 1 inch,Plumbing,Kolkata,Sri Lakshmi Supplies,28,28,263.68,7
P000246,PLU-0062,Heavy Duty Ball Valve 1 inch,Plumbing,Chennai,Sri Lakshmi Supplies,130,160,263.68,20
P000247,PLU-0062,Heavy Duty Ball Valve 1 inch,Plumbing,Mumbai,Sri Lakshmi Supplies,324,162,263.68,27
P000248,PLU-0062,Heavy Duty Ball Valve 1 inch,Plumbing,Delhi,Sri Lakshmi Supplies,246,203,263.68,29
P000249,PLU-0062,Heavy Duty Ball Valve 1 inch,Plumbing,Hyderabad,Sri Lakshmi Supplies,87,54,263.68,18
P000250,FAS-0063,Heavy Duty Flat Washer 1 inch,Fasteners,Mumbai,Tata Steel Traders,431,198,225.14,33
P000251,FAS-0063,Heavy Duty Flat Washer 1 inch,Fasteners,Chennai,Tata Steel Traders,126,32,225.14,4
P000252,FAS-0063,Heavy Duty Flat Washer 1 inch,Fasteners,Kolkata,Tata Steel Traders,32,27,225.14,3
P000253,FAS-0063,Heavy Duty Flat Washer 1 inch,Fasteners,Delhi,Tata Steel Traders,888,280,225.14,35
P000254,FAS-0063,Heavy Duty Flat Washer 1 inch,Fasteners,Hyderabad,Tata Steel Traders,693,195,225.14,39
P000255,TOL-0064,Compact Measuring Tape 25mm,Tools,Delhi,Mahindra Tools,0,224,865.89,28
P000256,TOL-0064,Compact Measuring Tape 25mm,Tools,Kolkata,Mahindra Tools,0,210,865.89,35
P000257,TOL-0064,Compact Measuring Tape 25mm,Tools,Mumbai,Mahindra Tools,158,175,865.89,35
P000258,ELE-0065,Rubber Cable Tie 12mm,Electrical,Kolkata,Bharat Hardware,637,204,141.82,34
P000259,ELE-0065,Rubber Cable Tie 12mm,Electrical,Delhi,Bharat Hardware,558,279,141.82,31
P000260,ELE-0065,Rubber Cable Tie 12mm,Electrical,Hyderabad,Bharat Hardware,216,216,141.82,27
P000261,ELE-0065,Rubber Cable Tie 12mm,Electrical,Chennai,Bharat Hardware,48,24,141.82,8
P000262,ELE-0065,Rubber Cable Tie 12mm,Electrical,Mumbai,Bharat Hardware,198,198,141.82,33
P000263,SAF-0066,Rubber Dust Mask 2.5mm,Safety,Mumbai,Larsen Fittings,375,153,282.17,17
P000264,SAF-0066,Rubber Dust Mask 2.5mm,Safety,Kolkata,Larsen Fittings,24,6,282.17,1
P000265,SAF-0066,Rubber Dust Mask 2.5mm,Safety,Chennai,Larsen Fittings,325,84,282.17,28
P000266,SAF-0066,Rubber Dust Mask 2.5mm,Safety,Delhi,Larsen Fittings,559,224,282.17,32
P000267,TOL-0067,Heavy Duty Drill Bit M8,Tools,Kolkata,Godrej Safety,445,120,1130.05,24
P000268,TOL-0067,Heavy Duty Drill Bit M8,Tools,Mumbai,Godrej Safety,30,30,1130.05,10
P000269,TOL-0067,Heavy Duty Drill Bit M8,Tools,Delhi,Godrej Safety,241,96,1130.05,32
P000270,TOL-0067,Heavy Duty Drill Bit M8,Tools,Hyderabad,Godrej Safety,501,360,1130.05,36
P000271,TOL-0067,Heavy Duty Drill Bit M8,Tools,Chennai,Godrej Safety,287,105,1130.05,35
P000272,TOL-0068,Stainless Hacksaw Blade M6,Tools,Mumbai,Mahindra Tools,209,60,1075.66,20
P000273,TOL-0068,Stainless Hacksaw Blade M6,Tools,Chennai,Mahindra Tools,162,48,1075.66,12
P000274,TOL-0068,Stainless Hacksaw Blade M6,Tools,Hyderabad,Mahindra Tools,298,156,1075.66,39
P000275,SAF-0069,Steel Dust Mask 2.5mm,Safety,Hyderabad,Larsen Fittings,130,48,265.98,8
P000276,SAF-0069,Steel Dust Mask 2.5mm,Safety,Mumbai,Larsen Fittings,40,40,265.98,4
P000277,SAF-0069,Steel Dust Mask 2.5mm,Safety,Kolkata,Larsen Fittings,40,40,265.98,8
P000278,TOL-0070,Brass Drill Bit 25mm,Tools,Mumbai,Godrej Safety,150,60,730.97,12
P000279,TOL-0070,Brass Drill Bit 25mm,Tools,Kolkata,Godrej Safety,236,112,730.97,14
P000280,TOL-0070,Brass Drill Bit 25mm,Tools,Hyderabad,Godrej Safety,31,21,730.97,3
P000281,TOL-0070,Brass Drill Bit 25mm,Tools,Chennai,Godrej Safety,627,198,730.97,33
P000282,TOL-0070,Brass Drill Bit 25mm,Tools,Delhi,Godrej Safety,39,14,730.97,2
P000283,PLU-0071,Brass Elbow Joint M8,Plumbing,Hyderabad,Kaveri Packaging,515,140,168.40,20
P000284,PLU-0071,Brass Elbow Joint M8,Plumbing,Mumbai,Kaveri Packaging,209,70,168.40,7
P000285,PLU-0071,Brass Elbow Joint M8,Plumbing,Chennai,Kaveri Packaging,162,72,168.40,18
P000286,PLU-0071,Brass Elbow Joint M8,Plumbing,Delhi,Kaveri Packaging,564,250,168.40,25
P000287,TOL-0072,Stainless Drill Bit 12mm,Tools,Chennai,Mahindra Tools,18,6,265.92,2
P000288,TOL-0072,Stainless Drill Bit 12mm,Tools,Mumbai,Mahindra Tools,45,12,265.92,3
P000289,TOL-0072,Stainless Drill Bit 12mm,Tools,Delhi,Mahindra Tools,16,8,265.92,2
P000290,TOL-0072,Stainless Drill Bit 12mm,Tools,Hyderabad,Mahindra Tools,126,36,265.92,12
P000291,TOL-0072,Stainless Drill Bit 12mm,Tools,Kolkata,Mahindra Tools,323,185,265.92,37
P000292,ELE-0073,Zinc LED Bulb 1 inch,Electrical,Mumbai,Anand Electricals,151,50,519.00,5
P000293,ELE-0073,Zinc LED Bulb 1 inch,Electrical,Kolkata,Anand Electricals,199,85,519.00,17
P000294,ELE-0073,Zinc LED Bulb 1 inch,Electrical,Delhi,Anand Electricals,206,111,519.00,37
P000295,PLU-0074,Galvanized Ball Valve 1 inch,Plumbing,Mumbai,Sri Lakshmi Supplies,135,135,173.19,27
P000296,PLU-0074,Galvanized Ball Valve 1 inch,Plumbing,Hyderabad,Sri Lakshmi Supplies,156,78,173.19,13
P000297,PLU-0074,Galvanized Ball Valve 1 inch,Plumbing,Kolkata,Sri Lakshmi Supplies,26,36,173.19,6
P000298,PLU-0074,Galvanized Ball Valve 1 inch,Plumbing,Delhi,Sri Lakshmi Supplies,24,48,173.19,6
P000299,TOL-0075,Zinc Measuring Tape 25mm,Tools,Mumbai,Godrej Safety,104,36,115.24,4
P000300,TOL-0075,Zinc Measuring Tape 25mm,Tools,Kolkata,Godrej Safety,108,102,115.24,34
P000301,TOL-0075,Zinc Measuring Tape 25mm,Tools,Hyderabad,Godrej Safety,861,270,115.24,27
P000302,TOL-0075,Zinc Measuring Tape 25mm,Tools,Delhi,Godrej Safety,40,40,115.24,8
P000303,TOL-0075,Zinc Measuring Tape 25mm,Tools,Chennai,Godrej Safety,168,42,115.24,6
P000304,PKG-0076,Premium Packing Tape M6,Packaging,Mumbai,Jindal Pipes,224,120,108.53,15
P000305,PKG-0076,Premium Packing Tape M6,Packaging,Kolkata,Jindal Pipes,190,112,108.53,28
P000306,PKG-0076,Premium Packing Tape M6,Packaging,Chennai,Jindal Pipes,77,24,108.53,3
P000307,PKG-0076,Premium Packing Tape M6,Packaging,Hyderabad,Jindal Pipes,120,69,108.53,23
P000308,TOL-0077,Galvanized Screwdriver Set M8,Tools,Hyderabad,Godrej Safety,579,180,1945.78,36
P000309,TOL-0077,Galvanized Screwdriver Set M8,Tools,Delhi,Godrej Safety,165,90,1945.78,18
P000310,TOL-0077,Galvanized Screwdriver Set M8,Tools,Chennai,Godrej Safety,50,50,1945.78,5
P000311,TOL-0077,Galvanized Screwdriver Set M8,Tools,Kolkata,Godrej Safety,508,333,1945.78,37
P000312,PLU-0078,Zinc Pipe Clamp 1 inch,Plumbing,Mumbai,Sri Lakshmi Supplies,220,256,267.58,32
P000313,PLU-0078,Zinc Pipe Clamp 1 inch,Plumbing,Hyderabad,Sri Lakshmi Supplies,901,324,267.58,36
P000314,PLU-0078,Zinc Pipe Clamp 1 inch,Plumbing,Chennai,Sri Lakshmi Supplies,616,240,267.58,24
P000315,PLU-0079,Brass Pipe Clamp 2.5mm,Plumbing,Delhi,Sri Lakshmi Supplies,319,90,363.19,10
P000316,PLU-0079,Brass Pipe Clamp 2.5mm,Plumbing,Chennai,Sri Lakshmi Supplies,497,180,363.19,30
P000317,PLU-0079,Brass Pipe Clamp 2.5mm,Plumbing,Hyderabad,Sri Lakshmi Supplies,18,7,363.19,1
P000318,PKG-0080,Industrial Packing Tape M6,Packaging,Delhi,Apex Industrial,10,8,283.16,1
P000319,PKG-0080,Industrial Packing Tape M6,Packaging,Chennai,Apex Industrial,444,140,283.16,20
P000320,PKG-0080,Industrial Packing Tape M6,Packaging,Mumbai,Apex Industrial,748,252,283.16,36
P000321,SAF-0081,Industrial Ear Plug 1 inch,Safety,Chennai,Havells Direct,112,112,173.58,28
P000322,SAF-0081,Industrial Ear Plug 1 inch,Safety,Hyderabad,Havells Direct,88,44,173.58,11
P000323,SAF-0081,Industrial Ear Plug 1 inch,Safety,Mumbai,Havells Direct,591,210,173.58,35
P000324,SAF-0081,Industrial Ear Plug 1 inch,Safety,Delhi,Havells Direct,216,108,173.58,36
P000325,PKG-0082,Brass Bubble Wrap 12mm,Packaging,Mumbai,Apex Industrial,245,168,305.54,28
P000326,PKG-0082,Brass Bubble Wrap 12mm,Packaging,Delhi,Apex Industrial,332,192,305.54,24
P000327,PKG-0082,Brass Bubble Wrap 12mm,Packaging,Chennai,Apex Industrial,70,70,305.54,7
P000328,PKG-0082,Brass Bubble Wrap 12mm,Packaging,Hyderabad,Apex Industrial,176,72,305.54,12
P000329,PKG-0082,Brass Bubble Wrap 12mm,Packaging,Kolkata,Apex Industrial,314,192,305.54,24
P000330,ELE-0083,Galvanized Glass Fuse M6,Electrical,Delhi,Anand Electricals,8,3,351.81,1
P000331,ELE-0083,Galvanized Glass Fuse M6,Electrical,Chennai,Anand Electricals,205,84,351.81,14
P000332,ELE-0083,Galvanized Glass Fuse M6,Electrical,Hyderabad,Anand Electricals,862,216,351.81,27
P000333,ELE-0083,Galvanized Glass Fuse M6,Electrical,Kolkata,Anand Electricals,360,138,351.81,23
P000334,ELE-0083,Galvanized Glass Fuse M6,Electrical,Mumbai,Anand Electricals,700,288,351.81,32
P000335,PKG-0084,Steel Bubble Wrap M6,Packaging,Kolkata,Jindal Pipes,213,60,182.58,6
P000336,PKG-0084,Steel Bubble Wrap M6,Packaging,Delhi,Jindal Pipes,33,24,182.58,3
P000337,PKG-0084,Steel Bubble Wrap M6,Packaging,Hyderabad,Jindal Pipes,91,42,182.58,6
P000338,PLU-0085,Premium Pipe Clamp M8,Plumbing,Mumbai,Kaveri Packaging,976,288,15.64,36
P000339,PLU-0085,Premium Pipe Clamp M8,Plumbing,Kolkata,Kaveri Packaging,753,224,15.64,28
P000340,PLU-0085,Premium Pipe Clamp M8,Plumbing,Delhi,Kaveri Packaging,535,138,15.64,23
P000341,PLU-0085,Premium Pipe Clamp M8,Plumbing,Hyderabad,Kaveri Packaging,532,176,15.64,22
P000342,FAS-0086,Stainless Rivet 25mm,Fasteners,Hyderabad,Reliance Industrial,289,180,326.50,30
P000343,FAS-0086,Stainless Rivet 25mm,Fasteners,Mumbai,Reliance Industrial,468,234,326.50,26
P000344,FAS-0086,Stainless Rivet 25mm,Fasteners,Chennai,Reliance Industrial,74,81,326.50,27
P000345,FAS-0086,Stainless Rivet 25mm,Fasteners,Kolkata,Reliance Industrial,0,5,326.50,1
P000346,FAS-0086,Stainless Rivet 25mm,Fasteners,Delhi,Reliance Industrial,187,104,326.50,26
P000347,PLU-0087,Stainless Teflon Tape M8,Plumbing,Kolkata,Sri Lakshmi Supplies,440,273,227.58,39
P000348,PLU-0087,Stainless Teflon Tape M8,Plumbing,Mumbai,Sri Lakshmi Supplies,456,196,227.58,28
P000349,PLU-0087,Stainless Teflon Tape M8,Plumbing,Delhi,Sri Lakshmi Supplies,76,24,227.58,3
P000350,PLU-0087,Stainless Teflon Tape M8,Plumbing,Chennai,Sri Lakshmi Supplies,318,240,227.58,24
P000351,PLU-0087,Stainless Teflon Tape M8,Plumbing,Hyderabad,Sri Lakshmi Supplies,753,217,227.58,31
P000352,FAS-0088,Industrial Anchor Bolt 1 inch,Fasteners,Chennai,Reliance Industrial,9,20,30.06,4
P000353,FAS-0088,Industrial Anchor Bolt 1 inch,Fasteners,Mumbai,Reliance Industrial,28,14,30.06,2
P000354,FAS-0088,Industrial Anchor Bolt 1 inch,Fasteners,Delhi,Reliance Industrial,14,12,30.06,4
P000355,FAS-0088,Industrial Anchor Bolt 1 inch,Fasteners,Hyderabad,Reliance Industrial,36,147,30.06,21
P000356,FAS-0088,Industrial Anchor Bolt 1 inch,Fasteners,Kolkata,Reliance Industrial,70,35,30.06,5
P000357,FAS-0089,Brass Rivet 1 inch,Fasteners,Delhi,Reliance Industrial,174,87,132.04,29
P000358,FAS-0089,Brass Rivet 1 inch,Fasteners,Chennai,Reliance Industrial,345,180,132.04,20
P000359,FAS-0089,Brass Rivet 1 inch,Fasteners,Mumbai,Reliance Industrial,605,228,132.04,38
P000360,FAS-0089,Brass Rivet 1 inch,Fasteners,Kolkata,Reliance Industrial,162,162,132.04,27
P000361,ELE-0090,Brass LED Bulb 1 inch,Electrical,Kolkata,Bharat Hardware,345,261,681.30,29
P000362,ELE-0090,Brass LED Bulb 1 inch,Electrical,Chennai,Bharat Hardware,35,12,681.30,4
P000363,ELE-0090,Brass LED Bulb 1 inch,Electrical,Hyderabad,Bharat Hardware,293,200,681.30,20
P000364,ELE-0090,Brass LED Bulb 1 inch,Electrical,Mumbai,Bharat Hardware,449,156,681.30,39
P000365,ELE-0090,Brass LED Bulb 1 inch,Electrical,Delhi,Bharat Hardware,57,15,681.30,3
P000366,PLU-0091,Compact PVC Pipe 12mm,Plumbing,Mumbai,Sri Lakshmi Supplies,249,160,258.71,40
P000367,PLU-0091,Compact PVC Pipe 12mm,Plumbing,Delhi,Sri Lakshmi Supplies,543,310,258.71,31
P000368,PLU-0091,Compact PVC Pipe 12mm,Plumbing,Hyderabad,Sri Lakshmi Supplies,326,99,258.71,33
P000369,PLU-0091,Compact PVC Pipe 12mm,Plumbing,Chennai,Sri Lakshmi Supplies,123,72,258.71,8
P000370,ELE-0092,Galvanized Circuit Breaker 1 inch,Electrical,Mumbai,Anand Electricals,325,105,504.18,15
P000371,ELE-0092,Galvanized Circuit Breaker 1 inch,Electrical,Chennai,Anand Electricals,4,3,504.18,1
P000372,ELE-0092,Galvanized Circuit Breaker 1 inch,Electrical,Delhi,Anand Electricals,366,203,504.18,29
P000373,ELE-0092,Galvanized Circuit Breaker 1 inch,Electrical,Hyderabad,Anand Electricals,180,180,504.18,20
P000374,TOL-0093,Zinc Screwdriver Set M10,Tools,Kolkata,Mahindra Tools,415,120,380.71,12
P000375,TOL-0093,Zinc Screwdriver Set M10,Tools,Hyderabad,Mahindra Tools,649,238,380.71,34
P000376,TOL-0093,Zinc Screwdriver Set M10,Tools,Delhi,Mahindra Tools,167,100,380.71,10
P000377,PLU-0094,Stainless Ball Valve M10,Plumbing,Mumbai,Kaveri Packaging,46,12,71.59,2
P000378,PLU-0094,Stainless Ball Valve M10,Plumbing,Delhi,Kaveri Packaging,272,189,71.59,21
P000379,PLU-0094,Stainless Ball Valve M10,Plumbing,Chennai,Kaveri Packaging,90,90,71.59,9
P000380,PLU-0094,Stainless Ball Valve M10,Plumbing,Hyderabad,Kaveri Packaging,144,72,71.59,18
P000381,PLU-0094,Stainless Ball Valve M10,Plumbing,Kolkata,Kaveri Packaging,30,28,71.59,7
P000382,ELE-0095,Premium Circuit Breaker 12mm,Electrical,Hyderabad,Bharat Hardware,243,224,117.60,32
P000383,ELE-0095,Premium Circuit Breaker 12mm,Electrical,Mumbai,Bharat Hardware,22,10,117.60,2
P000384,ELE-0095,Premium Circuit Breaker 12mm,Electrical,Kolkata,Bharat Hardware,174,174,117.60,29
P000385,FAS-0096,Galvanized Rivet 25mm,Fasteners,Mumbai,Tata Steel Traders,16,8,215.62,2
P000386,FAS-0096,Galvanized Rivet 25mm,Fasteners,Hyderabad,Tata Steel Traders,124,174,215.62,29
P000387,FAS-0096,Galvanized Rivet 25mm,Fasteners,Delhi,Tata Steel Traders,126,63,215.62,21
P000388,FAS-0096,Galvanized Rivet 25mm,Fasteners,Chennai,Tata Steel Traders,61,144,215.62,36
P000389,FAS-0096,Galvanized Rivet 25mm,Fasteners,Kolkata,Tata Steel Traders,0,144,215.62,16
P000390,SAF-0097,Steel Dust Mask 12mm,Safety,Chennai,Havells Direct,638,259,408.28,37
P000391,SAF-0097,Steel Dust Mask 12mm,Safety,Kolkata,Havells Direct,286,279,408.28,31
P000392,SAF-0097,Steel Dust Mask 12mm,Safety,Mumbai,Havells Direct,945,279,408.28,31
P000393,ELE-0098,Zinc Copper Wire M6,Electrical,Chennai,Bharat Hardware,149,42,732.63,6
P000394,ELE-0098,Zinc Copper Wire M6,Electrical,Kolkata,Bharat Hardware,57,54,732.63,9
P000395,ELE-0098,Zinc Copper Wire M6,Electrical,Mumbai,Bharat Hardware,25,18,732.63,2
P000396,ELE-0098,Zinc Copper Wire M6,Electrical,Hyderabad,Bharat Hardware,51,35,732.63,5
P000397,TOL-0099,Rubber Hacksaw Blade 25mm,Tools,Hyderabad,Godrej Safety,58,20,1620.53,5
P000398,TOL-0099,Rubber Hacksaw Blade 25mm,Tools,Kolkata,Godrej Safety,20,20,1620.53,4
P000399,TOL-0099,Rubber Hacksaw Blade 25mm,Tools,Chennai,Godrej Safety,406,174,1620.53,29
P000400,TOL-0099,Rubber Hacksaw Blade 25mm,Tools,Delhi,Godrej Safety,281,117,1620.53,13
P000401,PLU-0100,Rubber Teflon Tape M8,Plumbing,Hyderabad,Sri Lakshmi Supplies,108,54,272.16,6
P000402,PLU-0100,Rubber Teflon Tape M8,Plumbing,Delhi,Sri Lakshmi Supplies,800,260,272.16,26
P000403,PLU-0100,Rubber Teflon Tape M8,Plumbing,Mumbai,Sri Lakshmi Supplies,182,182,272.16,26
P000404,PKG-0101,Compact Packing Tape M6,Packaging,Kolkata,Jindal Pipes,32,9,65.63,1
P000405,PKG-0101,Compact Packing Tape M6,Packaging,Hyderabad,Jindal Pipes,438,128,65.63,16
P000406,PKG-0101,Compact Packing Tape M6,Packaging,Mumbai,Jindal Pipes,216,96,65.63,32
P000407,PKG-0101,Compact Packing Tape M6,Packaging,Delhi,Jindal Pipes,42,42,65.63,7
P000408,SAF-0102,Compact Safety Helmet 2.5mm,Safety,Kolkata,Havells Direct,296,96,149.99,24
P000409,SAF-0102,Compact Safety Helmet 2.5mm,Safety,Delhi,Havells Direct,593,192,149.99,32
P000410,SAF-0102,Compact Safety Helmet 2.5mm,Safety,Hyderabad,Havells Direct,92,92,149.99,23
P000411,SAF-0102,Compact Safety Helmet 2.5mm,Safety,Chennai,Havells Direct,207,207,149.99,23
P000412,SAF-0103,Rubber Safety Helmet 25mm,Safety,Kolkata,Havells Direct,840,320,116.60,32
P000413,SAF-0103,Rubber Safety Helmet 25mm,Safety,Hyderabad,Havells Direct,90,45,116.60,15
P000414,SAF-0103,Rubber Safety Helmet 25mm,Safety,Delhi,Havells Direct,216,216,116.60,36
P000415,SAF-0103,Rubber Safety Helmet 25mm,Safety,Chennai,Havells Direct,96,90,116.60,30
P000416,PKG-0104,Galvanized Packing Tape 50mm,Packaging,Delhi,Jindal Pipes,400,144,310.81,16
P000417,PKG-0104,Galvanized Packing Tape 50mm,Packaging,Chennai,Jindal Pipes,190,190,310.81,19
P000418,PKG-0104,Galvanized Packing Tape 50mm,Packaging,Kolkata,Jindal Pipes,413,228,310.81,38
P000419,PKG-0104,Galvanized Packing Tape 50mm,Packaging,Hyderabad,Jindal Pipes,10,5,310.81,1
P000420,PKG-0104,Galvanized Packing Tape 50mm,Packaging,Mumbai,Jindal Pipes,200,200,310.81,25
P000421,ELE-0105,Zinc Circuit Breaker M8,Electrical,Chennai,Bharat Hardware,20,20,357.58,2
P000422,ELE-0105,Zinc Circuit Breaker M8,Electrical,Hyderabad,Bharat Hardware,1078,288,357.58,32
P000423,ELE-0105,Zinc Circuit Breaker M8,Electrical,Kolkata,Bharat Hardware,126,126,357.58,21
P000424,TOL-0106,Stainless Drill Bit 1 inch,Tools,Hyderabad,Godrej Safety,423,198,470.83,33
P000425,TOL-0106,Stainless Drill Bit 1 inch,Tools,Kolkata,Godrej Safety,300,300,470.83,30
P000426,TOL-0106,Stainless Drill Bit 1 inch,Tools,Delhi,Godrej Safety,162,81,470.83,9
P000427,TOL-0106,Stainless Drill Bit 1 inch,Tools,Chennai,Godrej Safety,593,176,470.83,22
P000428,PKG-0107,Zinc Packing Tape 50mm,Packaging,Mumbai,Jindal Pipes,266,115,78.74,23
P000429,PKG-0107,Zinc Packing Tape 50mm,Packaging,Chennai,Jindal Pipes,1124,360,78.74,40
P000430,PKG-0107,Zinc Packing Tape 50mm,Packaging,Delhi,Jindal Pipes,173,162,78.74,27
P000431,PLU-0108,Rubber Teflon Tape 12mm,Plumbing,Mumbai,Kaveri Packaging,59,24,100.93,8
P000432,PLU-0108,Rubber Teflon Tape 12mm,Plumbing,Kolkata,Kaveri Packaging,791,324,100.93,36
P000433,PLU-0108,Rubber Teflon Tape 12mm,Plumbing,Hyderabad,Kaveri Packaging,351,140,100.93,28
P000434,PLU-0108,Rubber Teflon Tape 12mm,Plumbing,Delhi,Kaveri Packaging,206,114,100.93,19
P000435,PLU-0109,Heavy Duty Water Tap 12mm,Plumbing,Delhi,Kaveri Packaging,106,28,137.20,7
P000436,PLU-0109,Heavy Duty Water Tap 12mm,Plumbing,Hyderabad,Kaveri Packaging,170,96,137.20,32
P000437,PLU-0109,Heavy Duty Water Tap 12mm,Plumbing,Mumbai,Kaveri Packaging,212,98,137.20,14
P000438,PLU-0109,Heavy Duty Water Tap 12mm,Plumbing,Chennai,Kaveri Packaging,911,360,137.20,36
P000439,PKG-0110,Galvanized Label Roll 1 inch,Packaging,Chennai,Apex Industrial,94,80,154.07,20
P000440,PKG-0110,Galvanized Label Roll 1 inch,Packaging,Hyderabad,Apex Industrial,494,145,154.07,29
P000441,PKG-0110,Galvanized Label Roll 1 inch,Packaging,Delhi,Apex Industrial,118,108,154.07,27
P000442,PKG-0110,Galvanized Label Roll 1 inch,Packaging,Mumbai,Apex Industrial,253,147,154.07,21
P000443,FAS-0111,Compact Hex Nut M10,Fasteners,Delhi,Reliance Industrial,108,54,155.75,18
P000444,FAS-0111,Compact Hex Nut M10,Fasteners,Hyderabad,Reliance Industrial,7,65,155.75,13
P000445,FAS-0111,Compact Hex Nut M10,Fasteners,Kolkata,Reliance Industrial,282,280,155.75,40
P000446,FAS-0111,Compact Hex Nut M10,Fasteners,Mumbai,Reliance Industrial,179,120,155.75,12
P000447,ELE-0112,Stainless Copper Wire M10,Electrical,Mumbai,Bharat Hardware,81,48,93.73,8
P000448,ELE-0112,Stainless Copper Wire M10,Electrical,Chennai,Bharat Hardware,607,234,93.73,26
P000449,ELE-0112,Stainless Copper Wire M10,Electrical,Delhi,Bharat Hardware,231,170,93.73,17
P000450,PLU-0113,Stainless Ball Valve 50mm,Plumbing,Hyderabad,Sri Lakshmi Supplies,877,280,302.08,35
P000451,PLU-0113,Stainless Ball Valve 50mm,Plumbing,Mumbai,Sri Lakshmi Supplies,154,77,302.08,11
P000452,PLU-0113,Stainless Ball Valve 50mm,Plumbing,Delhi,Sri Lakshmi Supplies,266,266,302.08,38
P000453,PLU-0113,Stainless Ball Valve 50mm,Plumbing,Kolkata,Sri Lakshmi Supplies,488,180,302.08,20
P000454,PLU-0113,Stainless Ball Valve 50mm,Plumbing,Chennai,Sri Lakshmi Supplies,372,135,302.08,27
P000455,ELE-0114,Industrial Glass Fuse M10,Electrical,Hyderabad,Anand Electricals,220,220,849.50,22
P000456,ELE-0114,Industrial Glass Fuse M10,Electrical,Kolkata,Anand Electricals,40,40,849.50,4
P000457,ELE-0114,Industrial Glass Fuse M10,Electrical,Mumbai,Anand Electricals,403,192,849.50,32
P000458,ELE-0115,Galvanized Switch Socket 2.5mm,Electrical,Delhi,Anand Electricals,553,270,408.90,27
P000459,ELE-0115,Galvanized Switch Socket 2.5mm,Electrical,Mumbai,Anand Electricals,432,252,408.90,36
P000460,ELE-0115,Galvanized Switch Socket 2.5mm,Electrical,Hyderabad,Anand Electricals,152,152,408.90,38
P000461,ELE-0115,Galvanized Switch Socket 2.5mm,Electrical,Kolkata,Anand Electricals,230,138,408.90,23
P000462,PLU-0116,Compact Pipe Clamp 25mm,Plumbing,Chennai,Sri Lakshmi Supplies,381,243,392.40,27
P000463,PLU-0116,Compact Pipe Clamp 25mm,Plumbing,Mumbai,Sri Lakshmi Supplies,39,32,392.40,4
P000464,PLU-0116,Compact Pipe Clamp 25mm,Plumbing,Delhi,Sri Lakshmi Supplies,120,72,392.40,24
P000465,PLU-0116,Compact Pipe Clamp 25mm,Plumbing,Kolkata,Sri Lakshmi Supplies,485,280,392.40,40
P000466,PLU-0116,Compact Pipe Clamp 25mm,Plumbing,Hyderabad,Sri Lakshmi Supplies,279,162,392.40,27
P000467,PLU-0117,Brass PVC Pipe M6,Plumbing,Delhi,Kaveri Packaging,257,80,289.32,8
P000468,PLU-0117,Brass PVC Pipe M6,Plumbing,Chennai,Kaveri Packaging,458,310,289.32,31
P000469,PLU-0117,Brass PVC Pipe M6,Plumbing,Kolkata,Kaveri Packaging,275,138,289.32,23
P000470,PLU-0117,Brass PVC Pipe M6,Plumbing,Hyderabad,Kaveri Packaging,159,51,289.32,17
P000471,FAS-0118,Heavy Duty Hex Nut M8,Fasteners,Delhi,Tata Steel Traders,407,110,112.10,11
P000472,FAS-0118,Heavy Duty Hex Nut M8,Fasteners,Chennai,Tata Steel Traders,24,15,112.10,3
P000473,FAS-0118,Heavy Duty Hex Nut M8,Fasteners,Hyderabad,Tata Steel Traders,48,48,112.10,8
P000474,PKG-0119,Heavy Duty Label Roll 50mm,Packaging,Hyderabad,Apex Industrial,39,39,102.95,13
P000475,PKG-0119,Heavy Duty Label Roll 50mm,Packaging,Delhi,Apex Industrial,200,200,102.95,25
P000476,PKG-0119,Heavy Duty Label Roll 50mm,Packaging,Chennai,Apex Industrial,512,256,102.95,32
P000477,PKG-0119,Heavy Duty Label Roll 50mm,Packaging,Kolkata,Apex Industrial,493,208,102.95,26
P000478,PKG-0119,Heavy Duty Label Roll 50mm,Packaging,Mumbai,Apex Industrial,162,162,102.95,27
P000479,PKG-0120,Rubber Packing Tape 2.5mm,Packaging,Chennai,Jindal Pipes,220,76,322.84,19
P000480,PKG-0120,Rubber Packing Tape 2.5mm,Packaging,Delhi,Jindal Pipes,100,28,322.84,7
P000481,PKG-0120,Rubber Packing Tape 2.5mm,Packaging,Kolkata,Jindal Pipes,676,280,322.84,28
P000482,PKG-0120,Rubber Packing Tape 2.5mm,Packaging,Mumbai,Jindal Pipes,79,60,322.84,6
P000483,PKG-0121,Stainless Stretch Film M8,Packaging,Hyderabad,Jindal Pipes,52,52,25.31,13
P000484,PKG-0121,Stainless Stretch Film M8,Packaging,Kolkata,Jindal Pipes,306,84,25.31,21
P000485,PKG-0121,Stainless Stretch Film M8,Packaging,Chennai,Jindal Pipes,342,104,25.31,26
P000486,PKG-0121,Stainless Stretch Film M8,Packaging,Mumbai,Jindal Pipes,295,140,25.31,14
P000487,PKG-0121,Stainless Stretch Film M8,Packaging,Delhi,Jindal Pipes,576,156,25.31,39
P000488,SAF-0122,Galvanized Work Gloves 1 inch,Safety,Kolkata,Larsen Fittings,498,126,356.52,21
P000489,SAF-0122,Galvanized Work Gloves 1 inch,Safety,Mumbai,Larsen Fittings,49,40,356.52,10
P000490,SAF-0122,Galvanized Work Gloves 1 inch,Safety,Delhi,Larsen Fittings,540,154,356.52,22
P000491,ELE-0123,Steel Glass Fuse M6,Electrical,Hyderabad,Anand Electricals,399,128,1008.46,32
P000492,ELE-0123,Steel Glass Fuse M6,Electrical,Kolkata,Anand Electricals,6,6,1008.46,2
P000493,ELE-0123,Steel Glass Fuse M6,Electrical,Chennai,Anand Electricals,515,160,1008.46,40
P000494,ELE-0124,Brass LED Bulb M8,Electrical,Delhi,Bharat Hardware,0,225,531.43,25
P000495,ELE-0124,Brass LED Bulb M8,Electrical,Chennai,Bharat Hardware,209,261,531.43,29
P000496,ELE-0124,Brass LED Bulb M8,Electrical,Hyderabad,Bharat Hardware,379,200,531.43,20
P000497,PLU-0125,Industrial Teflon Tape 50mm,Plumbing,Kolkata,Sri Lakshmi Supplies,368,333,318.74,37
P000498,PLU-0125,Industrial Teflon Tape 50mm,Plumbing,Delhi,Sri Lakshmi Supplies,384,240,318.74,30
P000499,PLU-0125,Industrial Teflon Tape 50mm,Plumbing,Mumbai,Sri Lakshmi Supplies,571,370,318.74,37
P000500,PLU-0126,Steel Water Tap M8,Plumbing,Delhi,Kaveri Packaging,642,217,24.91,31
P000501,PLU-0126,Steel Water Tap M8,Plumbing,Hyderabad,Kaveri Packaging,366,110,24.91,22
P000502,PLU-0126,Steel Water Tap M8,Plumbing,Mumbai,Kaveri Packaging,309,176,24.91,22
P000503,SAF-0127,Galvanized Safety Goggles M10,Safety,Delhi,Havells Direct,24,24,115.03,8
P000504,SAF-0127,Galvanized Safety Goggles M10,Safety,Chennai,Havells Direct,138,93,115.03,31
P000505,SAF-0127,Galvanized Safety Goggles M10,Safety,Kolkata,Havells Direct,819,320,115.03,40
P000506,SAF-0127,Galvanized Safety Goggles M10,Safety,Hyderabad,Havells Direct,79,25,115.03,5
P000507,PKG-0128,Heavy Duty Label Roll 25mm,Packaging,Mumbai,Jindal Pipes,91,32,84.72,8
P000508,PKG-0128,Heavy Duty Label Roll 25mm,Packaging,Hyderabad,Jindal Pipes,567,245,84.72,35
P000509,PKG-0128,Heavy Duty Label Roll 25mm,Packaging,Kolkata,Jindal Pipes,18,5,84.72,1
P000510,PKG-0128,Heavy Duty Label Roll 25mm,Packaging,Delhi,Jindal Pipes,170,80,84.72,20
P000511,PKG-0128,Heavy Duty Label Roll 25mm,Packaging,Chennai,Jindal Pipes,58,30,84.72,3
P000512,SAF-0129,Heavy Duty Safety Helmet 25mm,Safety,Mumbai,Larsen Fittings,90,84,256.62,21
P000513,SAF-0129,Heavy Duty Safety Helmet 25mm,Safety,Delhi,Larsen Fittings,146,144,256.62,16
P000514,SAF-0129,Heavy Duty Safety Helmet 25mm,Safety,Hyderabad,Larsen Fittings,456,306,256.62,34
P000515,SAF-0129,Heavy Duty Safety Helmet 25mm,Safety,Kolkata,Larsen Fittings,133,54,256.62,6
P000516,SAF-0129,Heavy Duty Safety Helmet 25mm,Safety,Chennai,Larsen Fittings,282,81,256.62,27
P000517,PLU-0130,Rubber Ball Valve 25mm,Plumbing,Chennai,Kaveri Packaging,342,100,180.84,20
P000518,PLU-0130,Rubber Ball Valve 25mm,Plumbing,Delhi,Kaveri Packaging,732,270,180.84,27
P000519,PLU-0130,Rubber Ball Valve 25mm,Plumbing,Hyderabad,Kaveri Packaging,262,155,180.84,31
P000520,SAF-0131,Rubber Reflective Vest 25mm,Safety,Mumbai,Larsen Fittings,572,248,363.75,31
P000521,SAF-0131,Rubber Reflective Vest 25mm,Safety,Chennai,Larsen Fittings,378,114,363.75,38
P000522,SAF-0131,Rubber Reflective Vest 25mm,Safety,Kolkata,Larsen Fittings,146,81,363.75,9
P000523,SAF-0131,Rubber Reflective Vest 25mm,Safety,Hyderabad,Larsen Fittings,738,200,363.75,25
P000524,SAF-0131,Rubber Reflective Vest 25mm,Safety,Delhi,Larsen Fittings,643,280,363.75,28
P000525,TOL-0132,Brass Screwdriver Set 12mm,Tools,Chennai,Mahindra Tools,605,297,260.87,33
P000526,TOL-0132,Brass Screwdriver Set 12mm,Tools,Delhi,Mahindra Tools,130,92,260.87,23
P000527,TOL-0132,Brass Screwdriver Set 12mm,Tools,Mumbai,Mahindra Tools,341,162,260.87,18
P000528,TOL-0133,Zinc Adjustable Spanner M6,Tools,Kolkata,Mahindra Tools,212,185,1165.54,37
P000529,TOL-0133,Zinc Adjustable Spanner M6,Tools,Mumbai,Mahindra Tools,55,145,1165.54,29
P000530,TOL-0133,Zinc Adjustable Spanner M6,Tools,Delhi,Mahindra Tools,560,280,1165.54,28
P000531,TOL-0133,Zinc Adjustable Spanner M6,Tools,Hyderabad,Mahindra Tools,324,162,1165.54,27
P000532,TOL-0134,Zinc Hacksaw Blade 50mm,Tools,Mumbai,Godrej Safety,60,342,855.46,38
P000533,TOL-0134,Zinc Hacksaw Blade 50mm,Tools,Kolkata,Godrej Safety,230,115,855.46,23
P000534,TOL-0134,Zinc Hacksaw Blade 50mm,Tools,Delhi,Godrej Safety,96,114,855.46,38
P000535,PLU-0135,Zinc PVC Pipe 12mm,Plumbing,Chennai,Kaveri Packaging,1015,270,60.33,27
P000536,PLU-0135,Zinc PVC Pipe 12mm,Plumbing,Kolkata,Kaveri Packaging,441,112,60.33,28
P000537,PLU-0135,Zinc PVC Pipe 12mm,Plumbing,Mumbai,Kaveri Packaging,243,190,60.33,19
P000538,PLU-0135,Zinc PVC Pipe 12mm,Plumbing,Delhi,Kaveri Packaging,254,126,60.33,18
P000539,PLU-0135,Zinc PVC Pipe 12mm,Plumbing,Hyderabad,Kaveri Packaging,103,70,60.33,7
P000540,PLU-0136,Rubber PVC Pipe 12mm,Plumbing,Chennai,Kaveri Packaging,997,330,243.76,33
P000541,PLU-0136,Rubber PVC Pipe 12mm,Plumbing,Hyderabad,Kaveri Packaging,1154,390,243.76,39
P000542,PLU-0136,Rubber PVC Pipe 12mm,Plumbing,Mumbai,Kaveri Packaging,241,105,243.76,15
P000543,PKG-0137,Zinc Bubble Wrap 12mm,Packaging,Mumbai,Jindal Pipes,270,225,29.87,25
P000544,PKG-0137,Zinc Bubble Wrap 12mm,Packaging,Hyderabad,Jindal Pipes,100,100,29.87,10
P000545,PKG-0137,Zinc Bubble Wrap 12mm,Packaging,Chennai,Jindal Pipes,39,180,29.87,18
P000546,PKG-0137,Zinc Bubble Wrap 12mm,Packaging,Delhi,Jindal Pipes,224,112,29.87,14
P000547,PKG-0137,Zinc Bubble Wrap 12mm,Packaging,Kolkata,Jindal Pipes,63,126,29.87,14
P000548,PKG-0138,Premium Label Roll M8,Packaging,Mumbai,Jindal Pipes,89,105,354.39,35
P000549,PKG-0138,Premium Label Roll M8,Packaging,Hyderabad,Jindal Pipes,134,100,354.39,20
P000550,PKG-0138,Premium Label Roll M8,Packaging,Delhi,Jindal Pipes,89,80,354.39,20
P000551,PKG-0138,Premium Label Roll M8,Packaging,Chennai,Jindal Pipes,180,90,354.39,9
P000552,PKG-0138,Premium Label Roll M8,Packaging,Kolkata,Jindal Pipes,7,297,354.39,33
P000553,PLU-0139,Zinc Elbow Joint 25mm,Plumbing,Mumbai,Sri Lakshmi Supplies,56,185,111.22,37
P000554,PLU-0139,Zinc Elbow Joint 25mm,Plumbing,Kolkata,Sri Lakshmi Supplies,234,117,111.22,13
P000555,PLU-0139,Zinc Elbow Joint 25mm,Plumbing,Hyderabad,Sri Lakshmi Supplies,33,24,111.22,4
P000556,PLU-0139,Zinc Elbow Joint 25mm,Plumbing,Chennai,Sri Lakshmi Supplies,35,27,111.22,3
P000557,PLU-0140,Compact PVC Pipe M10,Plumbing,Kolkata,Kaveri Packaging,407,114,50.20,38
P000558,PLU-0140,Compact PVC Pipe M10,Plumbing,Delhi,Kaveri Packaging,104,52,50.20,13
P000559,PLU-0140,Compact PVC Pipe M10,Plumbing,Mumbai,Kaveri Packaging,176,176,50.20,22
P000560,PLU-0141,Industrial Pipe Clamp 50mm,Plumbing,Kolkata,Sri Lakshmi Supplies,612,175,317.02,35
P000561,PLU-0141,Industrial Pipe Clamp 50mm,Plumbing,Mumbai,Sri Lakshmi Supplies,53,21,317.02,3
P000562,PLU-0141,Industrial Pipe Clamp 50mm,Plumbing,Hyderabad,Sri Lakshmi Supplies,92,90,317.02,9
P000563,PLU-0141,Industrial Pipe Clamp 50mm,Plumbing,Chennai,Sri Lakshmi Supplies,137,66,317.02,22
P000564,PLU-0141,Industrial Pipe Clamp 50mm,Plumbing,Delhi,Sri Lakshmi Supplies,83,42,317.02,6
P000565,TOL-0142,Rubber Adjustable Spanner M6,Tools,Mumbai,Mahindra Tools,280,280,1960.11,40
P000566,TOL-0142,Rubber Adjustable Spanner M6,Tools,Delhi,Mahindra Tools,73,42,1960.11,14
P000567,TOL-0142,Rubber Adjustable Spanner M6,Tools,Hyderabad,Mahindra Tools,537,160,1960.11,40
P000568,TOL-0142,Rubber Adjustable Spanner M6,Tools,Kolkata,Mahindra Tools,387,105,1960.11,35
P000569,TOL-0142,Rubber Adjustable Spanner M6,Tools,Chennai,Mahindra Tools,349,165,1960.11,33
P000570,ELE-0143,Rubber Cable Tie M8,Electrical,Kolkata,Bharat Hardware,32,90,300.04,18
P000571,ELE-0143,Rubber Cable Tie M8,Electrical,Delhi,Bharat Hardware,68,42,300.04,14
P000572,ELE-0143,Rubber Cable Tie M8,Electrical,Chennai,Bharat Hardware,217,135,300.04,15
P000573,PKG-0144,Steel Packing Tape 1 inch,Packaging,Mumbai,Apex Industrial,567,203,36.79,29
P000574,PKG-0144,Steel Packing Tape 1 inch,Packaging,Kolkata,Apex Industrial,310,207,36.79,23
P000575,PKG-0144,Steel Packing Tape 1 inch,Packaging,Chennai,Apex Industrial,405,102,36.79,17
P000576,PKG-0145,Brass Bubble Wrap 2.5mm,Packaging,Mumbai,Apex Industrial,90,45,185.31,5
P000577,PKG-0145,Brass Bubble Wrap 2.5mm,Packaging,Hyderabad,Apex Industrial,154,77,185.31,11
P000578,PKG-0145,Brass Bubble Wrap 2.5mm,Packaging,Kolkata,Apex Industrial,140,70,185.31,10
P000579,PKG-0145,Brass Bubble Wrap 2.5mm,Packaging,Delhi,Apex Industrial,218,224,185.31,32
P000580,PKG-0145,Brass Bubble Wrap 2.5mm,Packaging,Chennai,Apex Industrial,24,12,185.31,2
P000581,TOL-0146,Premium Adjustable Spanner 50mm,Tools,Delhi,Mahindra Tools,126,70,295.41,14
P000582,TOL-0146,Premium Adjustable Spanner 50mm,Tools,Mumbai,Mahindra Tools,543,296,295.41,37
P000583,TOL-0146,Premium Adjustable Spanner 50mm,Tools,Hyderabad,Mahindra Tools,130,116,295.41,29
P000584,TOL-0146,Premium Adjustable Spanner 50mm,Tools,Kolkata,Mahindra Tools,344,96,295.41,32
P000585,TOL-0146,Premium Adjustable Spanner 50mm,Tools,Chennai,Mahindra Tools,1096,315,295.41,35
P000586,TOL-0147,Heavy Duty Hacksaw Blade M8,Tools,Delhi,Godrej Safety,236,104,1125.58,26
P000587,TOL-0147,Heavy Duty Hacksaw Blade M8,Tools,Kolkata,Godrej Safety,1125,290,1125.58,29
P000588,TOL-0147,Heavy Duty Hacksaw Blade M8,Tools,Hyderabad,Godrej Safety,88,88,1125.58,22
P000589,FAS-0148,Heavy Duty Flat Washer M6,Fasteners,Delhi,Reliance Industrial,339,140,392.66,14
P000590,FAS-0148,Heavy Duty Flat Washer M6,Fasteners,Mumbai,Reliance Industrial,156,78,392.66,26
P000591,FAS-0148,Heavy Duty Flat Washer M6,Fasteners,Chennai,Reliance Industrial,317,93,392.66,31
P000592,FAS-0148,Heavy Duty Flat Washer M6,Fasteners,Kolkata,Reliance Industrial,184,184,392.66,23
P000593,FAS-0148,Heavy Duty Flat Washer M6,Fasteners,Hyderabad,Reliance Industrial,257,165,392.66,33
P000594,PLU-0149,Heavy Duty Water Tap M10,Plumbing,Delhi,Kaveri Packaging,113,110,372.96,22
P000595,PLU-0149,Heavy Duty Water Tap M10,Plumbing,Chennai,Kaveri Packaging,144,72,372.96,12
P000596,PLU-0149,Heavy Duty Water Tap M10,Plumbing,Mumbai,Kaveri Packaging,48,24,372.96,3
P000597,PLU-0149,Heavy Duty Water Tap M10,Plumbing,Kolkata,Kaveri Packaging,329,198,372.96,22
P000598,PLU-0149,Heavy Duty Water Tap M10,Plumbing,Hyderabad,Kaveri Packaging,246,312,372.96,39
P000599,FAS-0150,Stainless Hex Nut 2.5mm,Fasteners,Hyderabad,Tata Steel Traders,98,45,174.49,15
P000600,FAS-0150,Stainless Hex Nut 2.5mm,Fasteners,Delhi,Tata Steel Traders,174,69,174.49,23
P000601,FAS-0150,Stainless Hex Nut 2.5mm,Fasteners,Mumbai,Tata Steel Traders,346,95,174.49,19
P000602,FAS-0150,Stainless Hex Nut 2.5mm,Fasteners,Chennai,Tata Steel Traders,16,16,174.49,2
P000603,PKG-0151,Steel Stretch Film M8,Packaging,Kolkata,Apex Industrial,470,135,87.01,15
P000604,PKG-0151,Steel Stretch Film M8,Packaging,Mumbai,Apex Industrial,876,238,87.01,34
P000605,PKG-0151,Steel Stretch Film M8,Packaging,Hyderabad,Apex Industrial,290,220,87.01,22
P000606,PKG-0151,Steel Stretch Film M8,Packaging,Delhi,Apex Industrial,608,210,87.01,30
P000607,PKG-0151,Steel Stretch Film M8,Packaging,Chennai,Apex Industrial,579,156,87.01,39
P000608,PLU-0152,Brass Pipe Clamp 1 inch,Plumbing,Chennai,Kaveri Packaging,168,95,227.88,19
P000609,PLU-0152,Brass Pipe Clamp 1 inch,Plumbing,Kolkata,Kaveri Packaging,308,216,227.88,24
P000610,PLU-0152,Brass Pipe Clamp 1 inch,Plumbing,Hyderabad,Kaveri Packaging,4,28,227.88,4
P000611,PLU-0152,Brass Pipe Clamp 1 inch,Plumbing,Delhi,Kaveri Packaging,0,130,227.88,13
P000612,PLU-0152,Brass Pipe Clamp 1 inch,Plumbing,Mumbai,Kaveri Packaging,133,140,227.88,20
P000613,TOL-0153,Zinc Hacksaw Blade 1 inch,Tools,Delhi,Godrej Safety,182,140,1080.28,14
P000614,TOL-0153,Zinc Hacksaw Blade 1 inch,Tools,Chennai,Godrej Safety,529,161,1080.28,23
P000615,TOL-0153,Zinc Hacksaw Blade 1 inch,Tools,Mumbai,Godrej Safety,94,45,1080.28,15
P000616,TOL-0153,Zinc Hacksaw Blade 1 inch,Tools,Hyderabad,Godrej Safety,452,162,1080.28,18
P000617,TOL-0153,Zinc Hacksaw Blade 1 inch,Tools,Kolkata,Godrej Safety,449,238,1080.28,34
P000618,TOL-0154,Stainless Measuring Tape 25mm,Tools,Chennai,Mahindra Tools,1140,315,1040.31,35
P000619,TOL-0154,Stainless Measuring Tape 25mm,Tools,Delhi,Mahindra Tools,606,280,1040.31,28
P000620,TOL-0154,Stainless Measuring Tape 25mm,Tools,Hyderabad,Mahindra Tools,584,160,1040.31,40
P000621,TOL-0154,Stainless Measuring Tape 25mm,Tools,Mumbai,Mahindra Tools,180,108,1040.31,12
P000622,TOL-0154,Stainless Measuring Tape 25mm,Tools,Kolkata,Mahindra Tools,430,189,1040.31,27
P000623,ELE-0155,Stainless Switch Socket 2.5mm,Electrical,Chennai,Bharat Hardware,243,88,1197.38,22
P000624,ELE-0155,Stainless Switch Socket 2.5mm,Electrical,Mumbai,Bharat Hardware,343,342,1197.38,38
P000625,ELE-0155,Stainless Switch Socket 2.5mm,Electrical,Delhi,Bharat Hardware,144,144,1197.38,16
P000626,ELE-0155,Stainless Switch Socket 2.5mm,Electrical,Hyderabad,Bharat Hardware,596,174,1197.38,29
P000627,ELE-0155,Stainless Switch Socket 2.5mm,Electrical,Kolkata,Bharat Hardware,375,112,1197.38,16
P000628,SAF-0156,Compact Work Gloves M6,Safety,Kolkata,Larsen Fittings,331,87,188.67,29
P000629,SAF-0156,Compact Work Gloves M6,Safety,Hyderabad,Larsen Fittings,86,81,188.67,9
P000630,SAF-0156,Compact Work Gloves M6,Safety,Mumbai,Larsen Fittings,224,63,188.67,21
P000631,FAS-0157,Heavy Duty Hex Nut 1 inch,Fasteners,Delhi,Reliance Industrial,42,21,92.37,7
P000632,FAS-0157,Heavy Duty Hex Nut 1 inch,Fasteners,Kolkata,Reliance Industrial,74,120,92.37,40
P000633,FAS-0157,Heavy Duty Hex Nut 1 inch,Fasteners,Hyderabad,Reliance Industrial,111,98,92.37,14
P000634,FAS-0157,Heavy Duty Hex Nut 1 inch,Fasteners,Chennai,Reliance Industrial,133,133,92.37,19
P000635,FAS-0157,Heavy Duty Hex Nut 1 inch,Fasteners,Mumbai,Reliance Industrial,42,21,92.37,3
P000636,PLU-0158,Stainless Teflon Tape 2.5mm,Plumbing,Chennai,Kaveri Packaging,371,112,187.43,28
P000637,PLU-0158,Stainless Teflon Tape 2.5mm,Plumbing,Hyderabad,Kaveri Packaging,24,21,187.43,3
P000638,PLU-0158,Stainless Teflon Tape 2.5mm,Plumbing,Mumbai,Kaveri Packaging,190,190,187.43,19
P000639,PLU-0158,Stainless Teflon Tape 2.5mm,Plumbing,Kolkata,Kaveri Packaging,545,243,187.43,27
P000640,PLU-0158,Stainless Teflon Tape 2.5mm,Plumbing,Delhi,Kaveri Packaging,111,111,187.43,37
P000641,PLU-0159,Steel Elbow Joint 50mm,Plumbing,Chennai,Sri Lakshmi Supplies,210,105,214.31,35
P000642,PLU-0159,Steel Elbow Joint 50mm,Plumbing,Delhi,Sri Lakshmi Supplies,866,290,214.31,29
P000643,PLU-0159,Steel Elbow Joint 50mm,Plumbing,Kolkata,Sri Lakshmi Supplies,93,93,214.31,31
P000644,SAF-0160,Heavy Duty Ear Plug 50mm,Safety,Delhi,Larsen Fittings,66,66,301.04,11
P000645,SAF-0160,Heavy Duty Ear Plug 50mm,Safety,Kolkata,Larsen Fittings,39,25,301.04,5
P000646,SAF-0160,Heavy Duty Ear Plug 50mm,Safety,Mumbai,Larsen Fittings,237,72,301.04,9
P000647,SAF-0160,Heavy Duty Ear Plug 50mm,Safety,Hyderabad,Larsen Fittings,383,140,301.04,28
P000648,FAS-0161,Galvanized Wood Screw M10,Fasteners,Hyderabad,Tata Steel Traders,60,60,99.28,6
P000649,FAS-0161,Galvanized Wood Screw M10,Fasteners,Delhi,Tata Steel Traders,649,243,99.28,27
P000650,FAS-0161,Galvanized Wood Screw M10,Fasteners,Mumbai,Tata Steel Traders,24,24,99.28,4
P000651,PKG-0162,Compact Label Roll 2.5mm,Packaging,Kolkata,Apex Industrial,374,190,43.35,19
P000652,PKG-0162,Compact Label Roll 2.5mm,Packaging,Delhi,Apex Industrial,1118,380,43.35,38
P000653,PKG-0162,Compact Label Roll 2.5mm,Packaging,Hyderabad,Apex Industrial,72,33,43.35,11
P000654,PKG-0162,Compact Label Roll 2.5mm,Packaging,Mumbai,Apex Industrial,77,35,43.35,5
P000655,PKG-0162,Compact Label Roll 2.5mm,Packaging,Chennai,Apex Industrial,621,256,43.35,32
P000656,FAS-0163,Industrial Flat Washer M6,Fasteners,Mumbai,Reliance Industrial,245,72,75.19,9
P000657,FAS-0163,Industrial Flat Washer M6,Fasteners,Delhi,Reliance Industrial,518,259,75.19,37
P000658,FAS-0163,Industrial Flat Washer M6,Fasteners,Kolkata,Reliance Industrial,240,240,75.19,30
P000659,SAF-0164,Zinc Work Gloves M8,Safety,Chennai,Havells Direct,72,68,244.00,17
P000660,SAF-0164,Zinc Work Gloves M8,Safety,Delhi,Havells Direct,1155,315,244.00,35
P000661,SAF-0164,Zinc Work Gloves M8,Safety,Hyderabad,Havells Direct,117,30,244.00,6
P000662,PKG-0165,Steel Pallet Strap 25mm,Packaging,Chennai,Apex Industrial,100,189,355.84,21
P000663,PKG-0165,Steel Pallet Strap 25mm,Packaging,Kolkata,Apex Industrial,8,4,355.84,1
P000664,PKG-0165,Steel Pallet Strap 25mm,Packaging,Mumbai,Apex Industrial,129,248,355.84,31
P000665,ELE-0166,Stainless Cable Tie 2.5mm,Electrical,Chennai,Anand Electricals,161,104,333.52,13
P000666,ELE-0166,Stainless Cable Tie 2.5mm,Electrical,Hyderabad,Anand Electricals,1009,288,333.52,32
P000667,ELE-0166,Stainless Cable Tie 2.5mm,Electrical,Delhi,Anand Electricals,808,290,333.52,29
P000668,ELE-0166,Stainless Cable Tie 2.5mm,Electrical,Mumbai,Anand Electricals,15,15,333.52,5
P000669,TOL-0167,Industrial Claw Hammer M8,Tools,Kolkata,Mahindra Tools,353,259,520.24,37
P000670,TOL-0167,Industrial Claw Hammer M8,Tools,Delhi,Mahindra Tools,234,182,520.24,26
P000671,TOL-0167,Industrial Claw Hammer M8,Tools,Mumbai,Mahindra Tools,1037,304,520.24,38
P000672,TOL-0167,Industrial Claw Hammer M8,Tools,Chennai,Mahindra Tools,724,190,520.24,38
P000673,TOL-0167,Industrial Claw Hammer M8,Tools,Hyderabad,Mahindra Tools,505,222,520.24,37
P000674,FAS-0168,Stainless Wood Screw 25mm,Fasteners,Hyderabad,Reliance Industrial,137,110,208.37,22
P000675,FAS-0168,Stainless Wood Screw 25mm,Fasteners,Chennai,Reliance Industrial,799,238,208.37,34
P000676,FAS-0168,Stainless Wood Screw 25mm,Fasteners,Delhi,Reliance Industrial,242,64,208.37,8
P000677,FAS-0168,Stainless Wood Screw 25mm,Fasteners,Mumbai,Reliance Industrial,130,108,208.37,36
P000678,PKG-0169,Galvanized Packing Tape 12mm,Packaging,Delhi,Jindal Pipes,163,45,178.94,15
P000679,PKG-0169,Galvanized Packing Tape 12mm,Packaging,Kolkata,Jindal Pipes,608,210,178.94,21
P000680,PKG-0169,Galvanized Packing Tape 12mm,Packaging,Chennai,Jindal Pipes,10,6,178.94,2
P000681,PKG-0169,Galvanized Packing Tape 12mm,Packaging,Hyderabad,Jindal Pipes,123,56,178.94,7
P000682,PKG-0169,Galvanized Packing Tape 12mm,Packaging,Mumbai,Jindal Pipes,458,160,178.94,20
P000683,SAF-0170,Stainless Safety Helmet M6,Safety,Hyderabad,Larsen Fittings,696,175,335.27,35
P000684,SAF-0170,Stainless Safety Helmet M6,Safety,Chennai,Larsen Fittings,153,48,335.27,8
P000685,SAF-0170,Stainless Safety Helmet M6,Safety,Kolkata,Larsen Fittings,768,210,335.27,35
P000686,TOL-0171,Industrial Hacksaw Blade 2.5mm,Tools,Mumbai,Godrej Safety,230,230,1740.69,23
P000687,TOL-0171,Industrial Hacksaw Blade 2.5mm,Tools,Kolkata,Godrej Safety,408,297,1740.69,33
P000688,TOL-0171,Industrial Hacksaw Blade 2.5mm,Tools,Hyderabad,Godrej Safety,270,135,1740.69,27
P000689,TOL-0171,Industrial Hacksaw Blade 2.5mm,Tools,Chennai,Godrej Safety,468,189,1740.69,27
P000690,TOL-0171,Industrial Hacksaw Blade 2.5mm,Tools,Delhi,Godrej Safety,282,160,1740.69,20
P000691,PKG-0172,Zinc Bubble Wrap 25mm,Packaging,Chennai,Apex Industrial,1071,297,166.47,33
P000692,PKG-0172,Zinc Bubble Wrap 25mm,Packaging,Mumbai,Apex Industrial,322,161,166.47,23
P000693,PKG-0172,Zinc Bubble Wrap 25mm,Packaging,Kolkata,Apex Industrial,110,110,166.47,22
P000694,PKG-0172,Zinc Bubble Wrap 25mm,Packaging,Delhi,Apex Industrial,152,76,166.47,19
P000695,PKG-0172,Zinc Bubble Wrap 25mm,Packaging,Hyderabad,Apex Industrial,105,105,166.47,35
P000696,TOL-0173,Stainless Screwdriver Set 2.5mm,Tools,Kolkata,Godrej Safety,329,240,650.86,30
P000697,TOL-0173,Stainless Screwdriver Set 2.5mm,Tools,Chennai,Godrej Safety,1166,320,650.86,40
P000698,TOL-0173,Stainless Screwdriver Set 2.5mm,Tools,Delhi,Godrej Safety,261,132,650.86,33
P000699,TOL-0173,Stainless Screwdriver Set 2.5mm,Tools,Mumbai,Godrej Safety,30,30,650.86,6
P000700,TOL-0173,Stainless Screwdriver Set 2.5mm,Tools,Hyderabad,Godrej Safety,134,112,650.86,14
P000701,SAF-0174,Zinc Safety Helmet M8,Safety,Hyderabad,Larsen Fittings,111,80,301.59,20
P000702,SAF-0174,Zinc Safety Helmet M8,Safety,Delhi,Larsen Fittings,109,48,301.59,16
P000703,SAF-0174,Zinc Safety Helmet M8,Safety,Kolkata,Larsen Fittings,15,6,301.59,1
P000704,SAF-0174,Zinc Safety Helmet M8,Safety,Chennai,Larsen Fittings,620,162,301.59,18
P000705,FAS-0175,Rubber Hex Bolt 2.5mm,Fasteners,Chennai,Tata Steel Traders,605,279,336.03,31
P000706,FAS-0175,Rubber Hex Bolt 2.5mm,Fasteners,Delhi,Tata Steel Traders,671,240,336.03,24
P000707,FAS-0175,Rubber Hex Bolt 2.5mm,Fasteners,Mumbai,Tata Steel Traders,372,190,336.03,19
P000708,FAS-0175,Rubber Hex Bolt 2.5mm,Fasteners,Kolkata,Tata Steel Traders,256,256,336.03,32
P000709,TOL-0176,Heavy Duty Measuring Tape 50mm,Tools,Mumbai,Godrej Safety,351,90,1605.27,10
P000710,TOL-0176,Heavy Duty Measuring Tape 50mm,Tools,Hyderabad,Godrej Safety,802,312,1605.27,39
P000711,TOL-0176,Heavy Duty Measuring Tape 50mm,Tools,Chennai,Godrej Safety,804,306,1605.27,34
P000712,SAF-0177,Stainless Dust Mask 12mm,Safety,Hyderabad,Havells Direct,168,84,86.62,14
P000713,SAF-0177,Stainless Dust Mask 12mm,Safety,Kolkata,Havells Direct,133,133,86.62,19
P000714,SAF-0177,Stainless Dust Mask 12mm,Safety,Mumbai,Havells Direct,696,270,86.62,30
P000715,SAF-0177,Stainless Dust Mask 12mm,Safety,Delhi,Havells Direct,154,114,86.62,38
P000716,SAF-0178,Heavy Duty Ear Plug M8,Safety,Hyderabad,Havells Direct,376,280,209.00,35
P000717,SAF-0178,Heavy Duty Ear Plug M8,Safety,Chennai,Havells Direct,96,30,209.00,5
P000718,SAF-0178,Heavy Duty Ear Plug M8,Safety,Delhi,Havells Direct,21,21,209.00,3
P000719,SAF-0178,Heavy Duty Ear Plug M8,Safety,Kolkata,Havells Direct,115,56,209.00,14
P000720,SAF-0178,Heavy Duty Ear Plug M8,Safety,Mumbai,Havells Direct,879,306,209.00,34
P000721,PLU-0179,Brass PVC Pipe 50mm,Plumbing,Kolkata,Sri Lakshmi Supplies,143,63,167.30,9
P000722,PLU-0179,Brass PVC Pipe 50mm,Plumbing,Hyderabad,Sri Lakshmi Supplies,117,117,167.30,13
P000723,PLU-0179,Brass PVC Pipe 50mm,Plumbing,Chennai,Sri Lakshmi Supplies,21,21,167.30,7
P000724,PLU-0179,Brass PVC Pipe 50mm,Plumbing,Mumbai,Sri Lakshmi Supplies,324,150,167.30,25
P000725,PKG-0180,Compact Pallet Strap 12mm,Packaging,Mumbai,Jindal Pipes,586,245,133.47,35
P000726,PKG-0180,Compact Pallet Strap 12mm,Packaging,Kolkata,Jindal Pipes,152,42,133.47,14
P000727,PKG-0180,Compact Pallet Strap 12mm,Packaging,Delhi,Jindal Pipes,97,91,133.47,13
P000728,PKG-0180,Compact Pallet Strap 12mm,Packaging,Chennai,Jindal Pipes,63,63,133.47,9
P000729,PKG-0181,Industrial Stretch Film M10,Packaging,Chennai,Jindal Pipes,875,234,106.35,39
P000730,PKG-0181,Industrial Stretch Film M10,Packaging,Delhi,Jindal Pipes,484,126,106.35,21
P000731,PKG-0181,Industrial Stretch Film M10,Packaging,Mumbai,Jindal Pipes,21,12,106.35,3
P000732,PKG-0181,Industrial Stretch Film M10,Packaging,Hyderabad,Jindal Pipes,377,231,106.35,33
P000733,PKG-0182,Zinc Stretch Film 50mm,Packaging,Kolkata,Apex Industrial,260,130,115.83,13
P000734,PKG-0182,Zinc Stretch Film 50mm,Packaging,Hyderabad,Apex Industrial,100,200,115.83,25
P000735,PKG-0182,Zinc Stretch Film 50mm,Packaging,Chennai,Apex Industrial,264,370,115.83,37
P000736,PKG-0183,Brass Pallet Strap 2.5mm,Packaging,Chennai,Jindal Pipes,128,128,294.82,16
P000737,PKG-0183,Brass Pallet Strap 2.5mm,Packaging,Hyderabad,Jindal Pipes,87,63,294.82,7
P000738,PKG-0183,Brass Pallet Strap 2.5mm,Packaging,Delhi,Jindal Pipes,112,48,294.82,6
P000739,PKG-0183,Brass Pallet Strap 2.5mm,Packaging,Mumbai,Jindal Pipes,550,180,294.82,36
P000740,TOL-0184,Premium Claw Hammer M10,Tools,Kolkata,Godrej Safety,120,120,90.39,15
P000741,TOL-0184,Premium Claw Hammer M10,Tools,Hyderabad,Godrej Safety,170,108,90.39,12
P000742,TOL-0184,Premium Claw Hammer M10,Tools,Delhi,Godrej Safety,462,216,90.39,27
P000743,TOL-0184,Premium Claw Hammer M10,Tools,Chennai,Godrej Safety,30,30,90.39,5
P000744,TOL-0184,Premium Claw Hammer M10,Tools,Mumbai,Godrej Safety,36,36,90.39,12
P000745,ELE-0185,Compact Circuit Breaker 2.5mm,Electrical,Kolkata,Anand Electricals,25,10,429.37,2
P000746,ELE-0185,Compact Circuit Breaker 2.5mm,Electrical,Delhi,Anand Electricals,179,84,429.37,28
P000747,ELE-0185,Compact Circuit Breaker 2.5mm,Electrical,Chennai,Anand Electricals,369,128,429.37,16
P000748,ELE-0185,Compact Circuit Breaker 2.5mm,Electrical,Mumbai,Anand Electricals,34,20,429.37,4
P000749,ELE-0185,Compact Circuit Breaker 2.5mm,Electrical,Hyderabad,Anand Electricals,129,117,429.37,39
P000750,FAS-0186,Galvanized Hex Nut 50mm,Fasteners,Kolkata,Reliance Industrial,93,35,257.38,5
P000751,FAS-0186,Galvanized Hex Nut 50mm,Fasteners,Hyderabad,Reliance Industrial,112,112,257.38,28
P000752,FAS-0186,Galvanized Hex Nut 50mm,Fasteners,Chennai,Reliance Industrial,12,12,257.38,2
P000753,FAS-0186,Galvanized Hex Nut 50mm,Fasteners,Delhi,Reliance Industrial,107,64,257.38,16
P000754,ELE-0187,Rubber Glass Fuse M6,Electrical,Kolkata,Anand Electricals,86,28,531.04,7
P000755,ELE-0187,Rubber Glass Fuse M6,Electrical,Mumbai,Anand Electricals,289,114,531.04,19
P000756,ELE-0187,Rubber Glass Fuse M6,Electrical,Hyderabad,Anand Electricals,52,24,531.04,4
P000757,ELE-0187,Rubber Glass Fuse M6,Electrical,Chennai,Anand Electricals,33,16,531.04,4
P000758,PKG-0188,Industrial Pallet Strap M10,Packaging,Chennai,Apex Industrial,336,133,247.63,19
P000759,PKG-0188,Industrial Pallet Strap M10,Packaging,Hyderabad,Apex Industrial,234,120,247.63,40
P000760,PKG-0188,Industrial Pallet Strap M10,Packaging,Delhi,Apex Industrial,90,90,247.63,9
P000761,PKG-0188,Industrial Pallet Strap M10,Packaging,Kolkata,Apex Industrial,317,238,247.63,34
P000762,SAF-0189,Industrial Safety Goggles M8,Safety,Kolkata,Larsen Fittings,133,133,293.49,19
P000763,SAF-0189,Industrial Safety Goggles M8,Safety,Chennai,Larsen Fittings,110,110,293.49,22
P000764,SAF-0189,Industrial Safety Goggles M8,Safety,Hyderabad,Larsen Fittings,742,279,293.49,31
P000765,TOL-0190,Industrial Measuring Tape M10,Tools,Hyderabad,Mahindra Tools,554,180,515.10,20
P000766,TOL-0190,Industrial Measuring Tape M10,Tools,Delhi,Mahindra Tools,459,207,515.10,23
P000767,TOL-0190,Industrial Measuring Tape M10,Tools,Kolkata,Mahindra Tools,225,225,515.10,25
P000768,TOL-0190,Industrial Measuring Tape M10,Tools,Mumbai,Mahindra Tools,1013,306,515.10,34
P000769,PKG-0191,Heavy Duty Bubble Wrap 50mm,Packaging,Hyderabad,Apex Industrial,576,288,363.06,32
P000770,PKG-0191,Heavy Duty Bubble Wrap 50mm,Packaging,Kolkata,Apex Industrial,66,35,363.06,7
P000771,PKG-0191,Heavy Duty Bubble Wrap 50mm,Packaging,Chennai,Apex Industrial,132,288,363.06,36
P000772,PKG-0191,Heavy Duty Bubble Wrap 50mm,Packaging,Delhi,Apex Industrial,36,18,363.06,3
P000773,ELE-0192,Brass Switch Socket 12mm,Electrical,Kolkata,Anand Electricals,264,100,1227.45,25
P000774,ELE-0192,Brass Switch Socket 12mm,Electrical,Mumbai,Anand Electricals,119,42,1227.45,14
P000775,ELE-0192,Brass Switch Socket 12mm,Electrical,Chennai,Anand Electricals,21,12,1227.45,3
P000776,ELE-0192,Brass Switch Socket 12mm,Electrical,Delhi,Anand Electricals,691,280,1227.45,28
P000777,SAF-0193,Rubber Safety Goggles 12mm,Safety,Hyderabad,Larsen Fittings,253,108,380.22,27
P000778,SAF-0193,Rubber Safety Goggles 12mm,Safety,Chennai,Larsen Fittings,150,150,380.22,25
P000779,SAF-0193,Rubber Safety Goggles 12mm,Safety,Kolkata,Larsen Fittings,319,216,380.22,24
P000780,ELE-0194,Stainless LED Bulb M10,Electrical,Delhi,Anand Electricals,638,228,231.10,38
P000781,ELE-0194,Stainless LED Bulb M10,Electrical,Hyderabad,Anand Electricals,322,105,231.10,35
P000782,ELE-0194,Stainless LED Bulb M10,Electrical,Chennai,Anand Electricals,539,145,231.10,29
P000783,ELE-0194,Stainless LED Bulb M10,Electrical,Kolkata,Anand Electricals,148,128,231.10,32
P000784,ELE-0195,Heavy Duty Switch Socket M8,Electrical,Chennai,Bharat Hardware,320,160,1050.32,16
P000785,ELE-0195,Heavy Duty Switch Socket M8,Electrical,Mumbai,Bharat Hardware,44,126,1050.32,14
P000786,ELE-0195,Heavy Duty Switch Socket M8,Electrical,Hyderabad,Bharat Hardware,16,16,1050.32,2
P000787,ELE-0196,Industrial Switch Socket M10,Electrical,Hyderabad,Bharat Hardware,800,224,30.23,32
P000788,ELE-0196,Industrial Switch Socket M10,Electrical,Kolkata,Bharat Hardware,103,30,30.23,6
P000789,ELE-0196,Industrial Switch Socket M10,Electrical,Chennai,Bharat Hardware,70,18,30.23,2
P000790,ELE-0196,Industrial Switch Socket M10,Electrical,Mumbai,Bharat Hardware,140,50,30.23,5
P000791,ELE-0196,Industrial Switch Socket M10,Electrical,Delhi,Bharat Hardware,295,75,30.23,25
P000792,PKG-0197,Brass Cardboard Box 12mm,Packaging,Hyderabad,Jindal Pipes,172,81,332.73,9
P000793,PKG-0197,Brass Cardboard Box 12mm,Packaging,Chennai,Jindal Pipes,85,85,332.73,17
P000794,PKG-0197,Brass Cardboard Box 12mm,Packaging,Mumbai,Jindal Pipes,89,56,332.73,14
P000795,PKG-0197,Brass Cardboard Box 12mm,Packaging,Delhi,Jindal Pipes,197,95,332.73,19
P000796,SAF-0198,Zinc Ear Plug 50mm,Safety,Chennai,Havells Direct,34,27,12.45,9
P000797,SAF-0198,Zinc Ear Plug 50mm,Safety,Hyderabad,Havells Direct,108,35,12.45,7
P000798,SAF-0198,Zinc Ear Plug 50mm,Safety,Delhi,Havells Direct,220,110,12.45,22
P000799,SAF-0198,Zinc Ear Plug 50mm,Safety,Mumbai,Havells Direct,1357,360,12.45,40
P000800,SAF-0198,Zinc Ear Plug 50mm,Safety,Kolkata,Havells Direct,317,128,12.45,32
P000801,PLU-0199,Stainless Water Tap 2.5mm,Plumbing,Chennai,Kaveri Packaging,105,105,293.94,15
P000802,PLU-0199,Stainless Water Tap 2.5mm,Plumbing,Hyderabad,Kaveri Packaging,8,8,293.94,2
P000803,PLU-0199,Stainless Water Tap 2.5mm,Plumbing,Delhi,Kaveri Packaging,140,50,293.94,10
P000804,PLU-0199,Stainless Water Tap 2.5mm,Plumbing,Mumbai,Kaveri Packaging,7,7,293.94,1
P000805,TOL-0200,Brass Hacksaw Blade 25mm,Tools,Kolkata,Godrej Safety,396,266,175.04,38
P000806,TOL-0200,Brass Hacksaw Blade 25mm,Tools,Mumbai,Godrej Safety,913,315,175.04,35
P000807,TOL-0200,Brass Hacksaw Blade 25mm,Tools,Delhi,Godrej Safety,304,240,175.04,30
P000808,TOL-0200,Brass Hacksaw Blade 25mm,Tools,Chennai,Godrej Safety,148,148,175.04,37
P000809,TOL-0200,Brass Hacksaw Blade 25mm,Tools,Hyderabad,Godrej Safety,858,280,175.04,35
P000810,FAS-0201,Brass Hex Bolt 50mm,Fasteners,Kolkata,Tata Steel Traders,575,144,373.36,16
P000811,FAS-0201,Brass Hex Bolt 50mm,Fasteners,Chennai,Tata Steel Traders,490,180,373.36,20
P000812,FAS-0201,Brass Hex Bolt 50mm,Fasteners,Delhi,Tata Steel Traders,367,156,373.36,26
P000813,PKG-0202,Premium Label Roll 25mm,Packaging,Mumbai,Jindal Pipes,18,80,325.28,8
P000814,PKG-0202,Premium Label Roll 25mm,Packaging,Chennai,Jindal Pipes,52,64,325.28,8
P000815,PKG-0202,Premium Label Roll 25mm,Packaging,Hyderabad,Jindal Pipes,377,256,325.28,32
P000816,SAF-0203,Rubber Safety Helmet M10,Safety,Mumbai,Larsen Fittings,51,28,250.24,4
P000817,SAF-0203,Rubber Safety Helmet M10,Safety,Delhi,Larsen Fittings,188,60,250.24,6
P000818,SAF-0203,Rubber Safety Helmet M10,Safety,Hyderabad,Larsen Fittings,193,84,250.24,28
P000819,SAF-0203,Rubber Safety Helmet M10,Safety,Kolkata,Larsen Fittings,143,85,250.24,17
P000820,SAF-0203,Rubber Safety Helmet M10,Safety,Chennai,Larsen Fittings,356,99,250.24,11
P000821,PKG-0204,Compact Packing Tape M10,Packaging,Chennai,Jindal Pipes,149,110,384.16,22
P000822,PKG-0204,Compact Packing Tape M10,Packaging,Delhi,Jindal Pipes,602,225,384.16,25
P000823,PKG-0204,Compact Packing Tape M10,Packaging,Kolkata,Jindal Pipes,697,210,384.16,35
P000824,PKG-0204,Compact Packing Tape M10,Packaging,Hyderabad,Jindal Pipes,559,200,384.16,25
P000825,FAS-0205,Rubber Wood Screw 50mm,Fasteners,Mumbai,Reliance Industrial,29,9,369.27,1
P000826,FAS-0205,Rubber Wood Screw 50mm,Fasteners,Kolkata,Reliance Industrial,862,224,369.27,32
P000827,FAS-0205,Rubber Wood Screw 50mm,Fasteners,Chennai,Reliance Industrial,96,96,369.27,24
P000828,FAS-0205,Rubber Wood Screw 50mm,Fasteners,Delhi,Reliance Industrial,415,240,369.27,24
P000829,FAS-0205,Rubber Wood Screw 50mm,Fasteners,Hyderabad,Reliance Industrial,128,56,369.27,14
P000830,PLU-0206,Stainless Teflon Tape 1 inch,Plumbing,Delhi,Sri Lakshmi Supplies,182,217,179.90,31
P000831,PLU-0206,Stainless Teflon Tape 1 inch,Plumbing,Chennai,Sri Lakshmi Supplies,35,180,179.90,20
P000832,PLU-0206,Stainless Teflon Tape 1 inch,Plumbing,Mumbai,Sri Lakshmi Supplies,216,108,179.90,12
P000833,TOL-0207,Galvanized Hacksaw Blade M10,Tools,Delhi,Mahindra Tools,280,140,1390.28,28
P000834,TOL-0207,Galvanized Hacksaw Blade M10,Tools,Hyderabad,Mahindra Tools,6,3,1390.28,1
P000835,TOL-0207,Galvanized Hacksaw Blade M10,Tools,Chennai,Mahindra Tools,215,135,1390.28,15
P000836,TOL-0207,Galvanized Hacksaw Blade M10,Tools,Kolkata,Mahindra Tools,544,380,1390.28,38
P000837,TOL-0207,Galvanized Hacksaw Blade M10,Tools,Mumbai,Mahindra Tools,15,56,1390.28,8
P000838,SAF-0208,Industrial Work Gloves M8,Safety,Delhi,Havells Direct,60,42,26.39,6
P000839,SAF-0208,Industrial Work Gloves M8,Safety,Mumbai,Havells Direct,580,273,26.39,39
P000840,SAF-0208,Industrial Work Gloves M8,Safety,Hyderabad,Havells Direct,352,150,26.39,25
P000841,FAS-0209,Heavy Duty Flat Washer 2.5mm,Fasteners,Hyderabad,Tata Steel Traders,121,66,395.68,11
P000842,FAS-0209,Heavy Duty Flat Washer 2.5mm,Fasteners,Kolkata,Tata Steel Traders,63,63,395.68,9
P000843,FAS-0209,Heavy Duty Flat Washer 2.5mm,Fasteners,Delhi,Tata Steel Traders,988,280,395.68,28
P000844,PLU-0210,Heavy Duty PVC Pipe 50mm,Plumbing,Chennai,Kaveri Packaging,182,128,365.82,32
P000845,PLU-0210,Heavy Duty PVC Pipe 50mm,Plumbing,Hyderabad,Kaveri Packaging,169,152,365.82,38
P000846,PLU-0210,Heavy Duty PVC Pipe 50mm,Plumbing,Mumbai,Kaveri Packaging,89,189,365.82,21
P000847,FAS-0211,Premium Hex Bolt 2.5mm,Fasteners,Hyderabad,Tata Steel Traders,656,228,105.95,38
P000848,FAS-0211,Premium Hex Bolt 2.5mm,Fasteners,Kolkata,Tata Steel Traders,131,42,105.95,7
P000849,FAS-0211,Premium Hex Bolt 2.5mm,Fasteners,Delhi,Tata Steel Traders,574,230,105.95,23
P000850,FAS-0211,Premium Hex Bolt 2.5mm,Fasteners,Mumbai,Tata Steel Traders,1013,280,105.95,28
P000851,FAS-0211,Premium Hex Bolt 2.5mm,Fasteners,Chennai,Tata Steel Traders,252,65,105.95,13
P000852,ELE-0212,Industrial Copper Wire M10,Electrical,Mumbai,Anand Electricals,84,42,234.67,14
P000853,ELE-0212,Industrial Copper Wire M10,Electrical,Kolkata,Anand Electricals,81,80,234.67,20
P000854,ELE-0212,Industrial Copper Wire M10,Electrical,Chennai,Anand Electricals,24,24,234.67,4
P000855,ELE-0212,Industrial Copper Wire M10,Electrical,Hyderabad,Anand Electricals,57,57,234.67,19
P000856,ELE-0212,Industrial Copper Wire M10,Electrical,Delhi,Anand Electricals,355,110,234.67,11
P000857,SAF-0213,Premium Dust Mask M6,Safety,Chennai,Havells Direct,472,140,120.35,14
P000858,SAF-0213,Premium Dust Mask M6,Safety,Hyderabad,Havells Direct,448,160,120.35,20
P000859,SAF-0213,Premium Dust Mask M6,Safety,Mumbai,Havells Direct,289,99,120.35,11
P000860,PKG-0214,Galvanized Pallet Strap 2.5mm,Packaging,Hyderabad,Jindal Pipes,269,96,335.28,16
P000861,PKG-0214,Galvanized Pallet Strap 2.5mm,Packaging,Delhi,Jindal Pipes,424,156,335.28,39
P000862,PKG-0214,Galvanized Pallet Strap 2.5mm,Packaging,Chennai,Jindal Pipes,1173,296,335.28,37
P000863,ELE-0215,Galvanized Glass Fuse 1 inch,Electrical,Mumbai,Anand Electricals,272,136,687.60,17
P000864,ELE-0215,Galvanized Glass Fuse 1 inch,Electrical,Chennai,Anand Electricals,560,280,687.60,28
P000865,ELE-0215,Galvanized Glass Fuse 1 inch,Electrical,Hyderabad,Anand Electricals,380,190,687.60,38
P000866,ELE-0215,Galvanized Glass Fuse 1 inch,Electrical,Delhi,Anand Electricals,151,222,687.60,37
P000867,ELE-0215,Galvanized Glass Fuse 1 inch,Electrical,Kolkata,Anand Electricals,16,8,687.60,1
P000868,SAF-0216,Brass Ear Plug 50mm,Safety,Chennai,Havells Direct,336,168,36.15,21
P000869,SAF-0216,Brass Ear Plug 50mm,Safety,Kolkata,Havells Direct,88,44,36.15,11
P000870,SAF-0216,Brass Ear Plug 50mm,Safety,Mumbai,Havells Direct,234,240,36.15,40
P000871,SAF-0216,Brass Ear Plug 50mm,Safety,Delhi,Havells Direct,42,21,36.15,3
P000872,SAF-0216,Brass Ear Plug 50mm,Safety,Hyderabad,Havells Direct,32,16,36.15,4
P000873,PKG-0217,Premium Pallet Strap 1 inch,Packaging,Hyderabad,Jindal Pipes,78,78,271.88,13
P000874,PKG-0217,Premium Pallet Strap 1 inch,Packaging,Kolkata,Jindal Pipes,399,192,271.88,32
P000875,PKG-0217,Premium Pallet Strap 1 inch,Packaging,Mumbai,Jindal Pipes,18,18,271.88,6
P000876,PLU-0218,Stainless Teflon Tape 25mm,Plumbing,Kolkata,Kaveri Packaging,0,207,173.71,23
P000877,PLU-0218,Stainless Teflon Tape 25mm,Plumbing,Chennai,Kaveri Packaging,36,32,173.71,4
P000878,PLU-0218,Stainless Teflon Tape 25mm,Plumbing,Delhi,Kaveri Packaging,211,126,173.71,21
P000879,FAS-0219,Steel Hex Nut M8,Fasteners,Kolkata,Tata Steel Traders,64,153,228.64,17
P000880,FAS-0219,Steel Hex Nut M8,Fasteners,Mumbai,Tata Steel Traders,88,44,228.64,11
P000881,FAS-0219,Steel Hex Nut M8,Fasteners,Hyderabad,Tata Steel Traders,145,78,228.64,13
P000882,PKG-0220,Brass Label Roll 50mm,Packaging,Delhi,Apex Industrial,420,280,47.77,40
P000883,PKG-0220,Brass Label Roll 50mm,Packaging,Chennai,Apex Industrial,63,28,47.77,7
P000884,PKG-0220,Brass Label Roll 50mm,Packaging,Kolkata,Apex Industrial,164,120,47.77,30
P000885,ELE-0221,Stainless Cable Tie M8,Electrical,Hyderabad,Bharat Hardware,484,135,171.00,27
P000886,ELE-0221,Stainless Cable Tie M8,Electrical,Mumbai,Bharat Hardware,26,7,171.00,1
P000887,ELE-0221,Stainless Cable Tie M8,Electrical,Kolkata,Bharat Hardware,823,252,171.00,36
P000888,ELE-0221,Stainless Cable Tie M8,Electrical,Chennai,Bharat Hardware,9,9,171.00,1
P000889,TOL-0222,Industrial Adjustable Spanner M6,Tools,Hyderabad,Mahindra Tools,18,36,300.77,6
P000890,TOL-0222,Industrial Adjustable Spanner M6,Tools,Mumbai,Mahindra Tools,112,56,300.77,8
P000891,TOL-0222,Industrial Adjustable Spanner M6,Tools,Delhi,Mahindra Tools,336,171,300.77,19
P000892,TOL-0222,Industrial Adjustable Spanner M6,Tools,Chennai,Mahindra Tools,49,250,300.77,25
P000893,SAF-0223,Heavy Duty Dust Mask 25mm,Safety,Delhi,Larsen Fittings,216,184,339.39,23
P000894,SAF-0223,Heavy Duty Dust Mask 25mm,Safety,Hyderabad,Larsen Fittings,245,111,339.39,37
P000895,SAF-0223,Heavy Duty Dust Mask 25mm,Safety,Chennai,Larsen Fittings,304,120,339.39,20
P000896,ELE-0224,Stainless Copper Wire 2.5mm,Electrical,Hyderabad,Bharat Hardware,376,144,471.33,18
P000897,ELE-0224,Stainless Copper Wire 2.5mm,Electrical,Mumbai,Bharat Hardware,260,260,471.33,26
P000898,ELE-0224,Stainless Copper Wire 2.5mm,Electrical,Chennai,Bharat Hardware,12,12,471.33,4
P000899,ELE-0224,Stainless Copper Wire 2.5mm,Electrical,Kolkata,Bharat Hardware,24,12,471.33,3
P000900,ELE-0224,Stainless Copper Wire 2.5mm,Electrical,Delhi,Bharat Hardware,120,84,471.33,14
P000901,PLU-0225,Steel Pipe Clamp 25mm,Plumbing,Chennai,Sri Lakshmi Supplies,869,234,182.20,26
P000902,PLU-0225,Steel Pipe Clamp 25mm,Plumbing,Hyderabad,Sri Lakshmi Supplies,100,100,182.20,10
P000903,PLU-0225,Steel Pipe Clamp 25mm,Plumbing,Delhi,Sri Lakshmi Supplies,138,56,182.20,7
P000904,PLU-0225,Steel Pipe Clamp 25mm,Plumbing,Kolkata,Sri Lakshmi Supplies,185,138,182.20,23
P000905,PLU-0225,Steel Pipe Clamp 25mm,Plumbing,Mumbai,Sri Lakshmi Supplies,139,63,182.20,7
P000906,PKG-0226,Galvanized Cardboard Box M6,Packaging,Kolkata,Apex Industrial,533,186,73.88,31
P000907,PKG-0226,Galvanized Cardboard Box M6,Packaging,Mumbai,Apex Industrial,297,87,73.88,29
P000908,PKG-0226,Galvanized Cardboard Box M6,Packaging,Delhi,Apex Industrial,517,135,73.88,27
P000909,PKG-0226,Galvanized Cardboard Box M6,Packaging,Chennai,Apex Industrial,104,30,73.88,10
P000910,PKG-0226,Galvanized Cardboard Box M6,Packaging,Hyderabad,Apex Industrial,204,204,73.88,34
P000911,PLU-0227,Industrial Pipe Clamp M10,Plumbing,Delhi,Sri Lakshmi Supplies,316,240,193.87,30
P000912,PLU-0227,Industrial Pipe Clamp M10,Plumbing,Hyderabad,Sri Lakshmi Supplies,3,3,193.87,1
P000913,PLU-0227,Industrial Pipe Clamp M10,Plumbing,Mumbai,Sri Lakshmi Supplies,344,135,193.87,15
P000914,FAS-0228,Galvanized Anchor Bolt 12mm,Fasteners,Kolkata,Tata Steel Traders,276,304,185.83,38
P000915,FAS-0228,Galvanized Anchor Bolt 12mm,Fasteners,Chennai,Tata Steel Traders,280,140,185.83,35
P000916,FAS-0228,Galvanized Anchor Bolt 12mm,Fasteners,Hyderabad,Tata Steel Traders,290,145,185.83,29
P000917,FAS-0228,Galvanized Anchor Bolt 12mm,Fasteners,Mumbai,Tata Steel Traders,98,88,185.83,22
P000918,ELE-0229,Compact Glass Fuse M6,Electrical,Kolkata,Bharat Hardware,418,259,318.38,37
P000919,ELE-0229,Compact Glass Fuse M6,Electrical,Chennai,Bharat Hardware,341,270,318.38,27
P000920,ELE-0229,Compact Glass Fuse M6,Electrical,Hyderabad,Bharat Hardware,50,50,318.38,10
P000921,ELE-0229,Compact Glass Fuse M6,Electrical,Delhi,Bharat Hardware,153,90,318.38,15
P000922,ELE-0229,Compact Glass Fuse M6,Electrical,Mumbai,Bharat Hardware,807,310,318.38,31
P000923,TOL-0230,Rubber Measuring Tape 2.5mm,Tools,Delhi,Godrej Safety,329,120,355.54,24
P000924,TOL-0230,Rubber Measuring Tape 2.5mm,Tools,Chennai,Godrej Safety,42,42,355.54,14
P000925,TOL-0230,Rubber Measuring Tape 2.5mm,Tools,Mumbai,Godrej Safety,665,180,355.54,30
P000926,TOL-0230,Rubber Measuring Tape 2.5mm,Tools,Kolkata,Godrej Safety,472,288,355.54,32
P000927,PKG-0231,Stainless Cardboard Box 1 inch,Packaging,Mumbai,Apex Industrial,324,170,129.05,34
P000928,PKG-0231,Stainless Cardboard Box 1 inch,Packaging,Delhi,Apex Industrial,160,80,129.05,8
P000929,PKG-0231,Stainless Cardboard Box 1 inch,Packaging,Hyderabad,Apex Industrial,60,30,129.05,3
P000930,PKG-0231,Stainless Cardboard Box 1 inch,Packaging,Kolkata,Apex Industrial,95,160,129.05,20
P000931,ELE-0232,Stainless Copper Wire 50mm,Electrical,Kolkata,Bharat Hardware,18,18,525.99,3
P000932,ELE-0232,Stainless Copper Wire 50mm,Electrical,Mumbai,Bharat Hardware,329,224,525.99,28
P000933,ELE-0232,Stainless Copper Wire 50mm,Electrical,Hyderabad,Bharat Hardware,382,117,525.99,13
P000934,FAS-0233,Brass Anchor Bolt M6,Fasteners,Delhi,Reliance Industrial,442,128,32.22,32
P000935,FAS-0233,Brass Anchor Bolt M6,Fasteners,Kolkata,Reliance Industrial,126,126,32.22,18
P000936,FAS-0233,Brass Anchor Bolt M6,Fasteners,Mumbai,Reliance Industrial,38,10,32.22,2
P000937,FAS-0233,Brass Anchor Bolt M6,Fasteners,Chennai,Reliance Industrial,57,15,32.22,5
P000938,FAS-0233,Brass Anchor Bolt M6,Fasteners,Hyderabad,Reliance Industrial,309,111,32.22,37
P000939,PKG-0234,Galvanized Pallet Strap M10,Packaging,Chennai,Jindal Pipes,620,315,73.34,35
P000940,PKG-0234,Galvanized Pallet Strap M10,Packaging,Mumbai,Jindal Pipes,122,40,73.34,4
P000941,PKG-0234,Galvanized Pallet Strap M10,Packaging,Kolkata,Jindal Pipes,403,150,73.34,25
P000942,PKG-0234,Galvanized Pallet Strap M10,Packaging,Hyderabad,Jindal Pipes,527,144,73.34,18
P000943,PLU-0235,Compact Water Tap 12mm,Plumbing,Hyderabad,Kaveri Packaging,783,264,187.75,33
P000944,PLU-0235,Compact Water Tap 12mm,Plumbing,Chennai,Kaveri Packaging,499,136,187.75,34
P000945,PLU-0235,Compact Water Tap 12mm,Plumbing,Mumbai,Kaveri Packaging,337,144,187.75,18
P000946,FAS-0236,Steel Hex Bolt 25mm,Fasteners,Delhi,Reliance Industrial,52,48,324.53,6
P000947,FAS-0236,Steel Hex Bolt 25mm,Fasteners,Mumbai,Reliance Industrial,291,100,324.53,25
P000948,FAS-0236,Steel Hex Bolt 25mm,Fasteners,Kolkata,Reliance Industrial,222,96,324.53,16
P000949,ELE-0237,Steel Cable Tie 50mm,Electrical,Chennai,Bharat Hardware,117,104,792.01,26
P000950,ELE-0237,Steel Cable Tie 50mm,Electrical,Mumbai,Bharat Hardware,123,288,792.01,36
P000951,ELE-0237,Steel Cable Tie 50mm,Electrical,Delhi,Bharat Hardware,44,24,792.01,6
P000952,SAF-0238,Compact Work Gloves 25mm,Safety,Hyderabad,Havells Direct,202,130,107.88,13
P000953,SAF-0238,Compact Work Gloves 25mm,Safety,Kolkata,Havells Direct,115,140,107.88,35
P000954,SAF-0238,Compact Work Gloves 25mm,Safety,Delhi,Havells Direct,70,75,107.88,25
P000955,SAF-0238,Compact Work Gloves 25mm,Safety,Mumbai,Havells Direct,73,42,107.88,6
P000956,PKG-0239,Zinc Stretch Film M8,Packaging,Hyderabad,Apex Industrial,414,104,235.25,26
P000957,PKG-0239,Zinc Stretch Film M8,Packaging,Mumbai,Apex Industrial,92,36,235.25,9
P000958,PKG-0239,Zinc Stretch Film M8,Packaging,Delhi,Apex Industrial,101,40,235.25,10
P000959,FAS-0240,Industrial Hex Bolt 1 inch,Fasteners,Chennai,Reliance Industrial,161,54,85.37,18
P000960,FAS-0240,Industrial Hex Bolt 1 inch,Fasteners,Delhi,Reliance Industrial,649,171,85.37,19
P000961,FAS-0240,Industrial Hex Bolt 1 inch,Fasteners,Hyderabad,Reliance Industrial,211,87,85.37,29
P000962,FAS-0240,Industrial Hex Bolt 1 inch,Fasteners,Mumbai,Reliance Industrial,39,27,85.37,3
P000963,FAS-0240,Industrial Hex Bolt 1 inch,Fasteners,Kolkata,Reliance Industrial,573,240,85.37,40
P000964,PLU-0241,Galvanized Teflon Tape 50mm,Plumbing,Delhi,Sri Lakshmi Supplies,467,165,139.41,33
P000965,PLU-0241,Galvanized Teflon Tape 50mm,Plumbing,Kolkata,Sri Lakshmi Supplies,240,64,139.41,16
P000966,PLU-0241,Galvanized Teflon Tape 50mm,Plumbing,Hyderabad,Sri Lakshmi Supplies,788,224,139.41,28
P000967,PLU-0241,Galvanized Teflon Tape 50mm,Plumbing,Chennai,Sri Lakshmi Supplies,169,77,139.41,11
P000968,FAS-0242,Steel Flat Washer 25mm,Fasteners,Hyderabad,Tata Steel Traders,83,48,134.98,16
P000969,FAS-0242,Steel Flat Washer 25mm,Fasteners,Delhi,Tata Steel Traders,28,14,134.98,2
P000970,FAS-0242,Steel Flat Washer 25mm,Fasteners,Mumbai,Tata Steel Traders,47,168,134.98,28
P000971,FAS-0242,Steel Flat Washer 25mm,Fasteners,Kolkata,Tata Steel Traders,220,140,134.98,28
P000972,FAS-0242,Steel Flat Washer 25mm,Fasteners,Chennai,Tata Steel Traders,84,150,134.98,30
P000973,ELE-0243,Compact Glass Fuse 1 inch,Electrical,Chennai,Bharat Hardware,324,133,615.51,19
P000974,ELE-0243,Compact Glass Fuse 1 inch,Electrical,Hyderabad,Bharat Hardware,267,80,615.51,20
P000975,ELE-0243,Compact Glass Fuse 1 inch,Electrical,Mumbai,Bharat Hardware,78,35,615.51,7
P000976,ELE-0243,Compact Glass Fuse 1 inch,Electrical,Kolkata,Bharat Hardware,365,112,615.51,14
P000977,PLU-0244,Rubber Pipe Clamp M10,Plumbing,Delhi,Kaveri Packaging,6,6,241.72,1
P000978,PLU-0244,Rubber Pipe Clamp M10,Plumbing,Chennai,Kaveri Packaging,841,234,241.72,26
P000979,PLU-0244,Rubber Pipe Clamp M10,Plumbing,Kolkata,Kaveri Packaging,1117,297,241.72,33
P000980,PLU-0244,Rubber Pipe Clamp M10,Plumbing,Mumbai,Kaveri Packaging,49,30,241.72,5
P000981,PKG-0245,Zinc Cardboard Box 50mm,Packaging,Kolkata,Jindal Pipes,29,18,166.43,2
P000982,PKG-0245,Zinc Cardboard Box 50mm,Packaging,Delhi,Jindal Pipes,52,32,166.43,4
P000983,PKG-0245,Zinc Cardboard Box 50mm,Packaging,Mumbai,Jindal Pipes,84,174,166.43,29
P000984,PKG-0245,Zinc Cardboard Box 50mm,Packaging,Chennai,Jindal Pipes,80,40,166.43,5
P000985,PLU-0246,Zinc Ball Valve 1 inch,Plumbing,Delhi,Sri Lakshmi Supplies,223,105,200.57,15
P000986,PLU-0246,Zinc Ball Valve 1 inch,Plumbing,Mumbai,Sri Lakshmi Supplies,554,272,200.57,34
P000987,PLU-0246,Zinc Ball Valve 1 inch,Plumbing,Hyderabad,Sri Lakshmi Supplies,64,40,200.57,10
P000988,PLU-0247,Steel Ball Valve 12mm,Plumbing,Hyderabad,Sri Lakshmi Supplies,342,99,368.52,11
P000989,PLU-0247,Steel Ball Valve 12mm,Plumbing,Mumbai,Sri Lakshmi Supplies,717,240,368.52,24
P000990,PLU-0247,Steel Ball Valve 12mm,Plumbing,Kolkata,Sri Lakshmi Supplies,246,220,368.52,22
P000991,PKG-0248,Galvanized Stretch Film M6,Packaging,Mumbai,Jindal Pipes,579,165,288.90,33
P000992,PKG-0248,Galvanized Stretch Film M6,Packaging,Delhi,Jindal Pipes,210,102,288.90,34
P000993,PKG-0248,Galvanized Stretch Film M6,Packaging,Chennai,Jindal Pipes,25,9,288.90,1
P000994,PKG-0248,Galvanized Stretch Film M6,Packaging,Hyderabad,Jindal Pipes,622,190,288.90,19
P000995,SAF-0249,Galvanized Dust Mask 1 inch,Safety,Hyderabad,Larsen Fittings,300,300,369.40,30
P000996,SAF-0249,Galvanized Dust Mask 1 inch,Safety,Chennai,Larsen Fittings,14,12,369.40,3
P000997,SAF-0249,Galvanized Dust Mask 1 inch,Safety,Delhi,Larsen Fittings,425,198,369.40,33
P000998,SAF-0249,Galvanized Dust Mask 1 inch,Safety,Kolkata,Larsen Fittings,42,28,369.40,7
P000999,SAF-0249,Galvanized Dust Mask 1 inch,Safety,Mumbai,Larsen Fittings,853,243,369.40,27
P001000,FAS-0250,Zinc Wood Screw M10,Fasteners,Kolkata,Tata Steel Traders,129,75,382.36,25
P001001,FAS-0250,Zinc Wood Screw M10,Fasteners,Mumbai,Tata Steel Traders,177,112,382.36,16
P001002,FAS-0250,Zinc Wood Screw M10,Fasteners,Delhi,Tata Steel Traders,78,27,382.36,9
P001003,PKG-0251,Brass Bubble Wrap M10,Packaging,Hyderabad,Apex Industrial,167,48,136.32,6
P001004,PKG-0251,Brass Bubble Wrap M10,Packaging,Mumbai,Apex Industrial,608,264,136.32,33
P001005,PKG-0251,Brass Bubble Wrap M10,Packaging,Kolkata,Apex Industrial,222,72,136.32,12
P001006,PKG-0251,Brass Bubble Wrap M10,Packaging,Delhi,Apex Industrial,717,320,136.32,40
P001007,PKG-0251,Brass Bubble Wrap M10,Packaging,Chennai,Apex Industrial,926,240,136.32,24
P001008,SAF-0252,Premium Reflective Vest 1 inch,Safety,Chennai,Havells Direct,856,312,123.46,39
P001009,SAF-0252,Premium Reflective Vest 1 inch,Safety,Mumbai,Havells Direct,295,150,123.46,25
P001010,SAF-0252,Premium Reflective Vest 1 inch,Safety,Hyderabad,Havells Direct,201,140,123.46,14
P001011,SAF-0252,Premium Reflective Vest 1 inch,Safety,Delhi,Havells Direct,175,175,123.46,35
P001012,SAF-0252,Premium Reflective Vest 1 inch,Safety,Kolkata,Havells Direct,55,40,123.46,5
P001013,FAS-0253,Steel Flat Washer 50mm,Fasteners,Hyderabad,Tata Steel Traders,695,190,231.14,19
P001014,FAS-0253,Steel Flat Washer 50mm,Fasteners,Mumbai,Tata Steel Traders,365,108,231.14,12
P001015,FAS-0253,Steel Flat Washer 50mm,Fasteners,Chennai,Tata Steel Traders,698,280,231.14,35
P001016,ELE-0254,Rubber Glass Fuse 1 inch,Electrical,Mumbai,Bharat Hardware,234,200,576.76,20
P001017,ELE-0254,Rubber Glass Fuse 1 inch,Electrical,Delhi,Bharat Hardware,898,351,576.76,39
P001018,ELE-0254,Rubber Glass Fuse 1 inch,Electrical,Kolkata,Bharat Hardware,221,132,576.76,22
P001019,ELE-0254,Rubber Glass Fuse 1 inch,Electrical,Chennai,Bharat Hardware,215,198,576.76,22
P001020,ELE-0254,Rubber Glass Fuse 1 inch,Electrical,Hyderabad,Bharat Hardware,9,4,576.76,1
P001021,PLU-0255,Steel Elbow Joint 1 inch,Plumbing,Mumbai,Kaveri Packaging,41,40,162.45,10
P001022,PLU-0255,Steel Elbow Joint 1 inch,Plumbing,Hyderabad,Kaveri Packaging,636,380,162.45,38
P001023,PLU-0255,Steel Elbow Joint 1 inch,Plumbing,Delhi,Kaveri Packaging,600,153,162.45,17
P001024,PKG-0256,Stainless Bubble Wrap M6,Packaging,Hyderabad,Jindal Pipes,180,90,298.19,10
P001025,PKG-0256,Stainless Bubble Wrap M6,Packaging,Mumbai,Jindal Pipes,231,231,298.19,33
P001026,PKG-0256,Stainless Bubble Wrap M6,Packaging,Delhi,Jindal Pipes,183,126,298.19,21
P001027,PKG-0256,Stainless Bubble Wrap M6,Packaging,Chennai,Jindal Pipes,618,324,298.19,36
P001028,PKG-0256,Stainless Bubble Wrap M6,Packaging,Kolkata,Jindal Pipes,262,96,298.19,16
P001029,FAS-0257,Rubber Hex Bolt 1 inch,Fasteners,Chennai,Reliance Industrial,28,8,29.45,2
P001030,FAS-0257,Rubber Hex Bolt 1 inch,Fasteners,Kolkata,Reliance Industrial,333,90,29.45,10
P001031,FAS-0257,Rubber Hex Bolt 1 inch,Fasteners,Mumbai,Reliance Industrial,282,100,29.45,25
P001032,FAS-0257,Rubber Hex Bolt 1 inch,Fasteners,Delhi,Reliance Industrial,20,20,29.45,5
P001033,FAS-0257,Rubber Hex Bolt 1 inch,Fasteners,Hyderabad,Reliance Industrial,341,161,29.45,23
P001034,SAF-0258,Premium Ear Plug 25mm,Safety,Chennai,Larsen Fittings,178,84,183.24,21
P001035,SAF-0258,Premium Ear Plug 25mm,Safety,Mumbai,Larsen Fittings,21,18,183.24,2
P001036,SAF-0258,Premium Ear Plug 25mm,Safety,Hyderabad,Larsen Fittings,324,324,183.24,36
P001037,SAF-0258,Premium Ear Plug 25mm,Safety,Kolkata,Larsen Fittings,664,252,183.24,28
P001038,SAF-0258,Premium Ear Plug 25mm,Safety,Delhi,Larsen Fittings,608,312,183.24,39
P001039,ELE-0259,Steel Glass Fuse 12mm,Electrical,Hyderabad,Anand Electricals,80,80,702.90,10
P001040,ELE-0259,Steel Glass Fuse 12mm,Electrical,Delhi,Anand Electricals,524,170,702.90,17
P001041,ELE-0259,Steel Glass Fuse 12mm,Electrical,Mumbai,Anand Electricals,822,304,702.90,38
P001042,ELE-0259,Steel Glass Fuse 12mm,Electrical,Chennai,Anand Electricals,50,30,702.90,6
P001043,SAF-0260,Compact Safety Goggles M8,Safety,Chennai,Havells Direct,103,35,238.64,7
P001044,SAF-0260,Compact Safety Goggles M8,Safety,Mumbai,Havells Direct,63,63,238.64,7
P001045,SAF-0260,Compact Safety Goggles M8,Safety,Hyderabad,Havells Direct,100,54,238.64,9
P001046,SAF-0260,Compact Safety Goggles M8,Safety,Kolkata,Havells Direct,333,117,238.64,39
P001047,FAS-0261,Compact Flat Washer 25mm,Fasteners,Kolkata,Reliance Industrial,20,6,131.52,1
P001048,FAS-0261,Compact Flat Washer 25mm,Fasteners,Hyderabad,Reliance Industrial,26,8,131.52,1
P001049,FAS-0261,Compact Flat Washer 25mm,Fasteners,Mumbai,Reliance Industrial,442,195,131.52,39
P001050,FAS-0262,Stainless Hex Bolt M10,Fasteners,Chennai,Tata Steel Traders,365,147,228.98,21
P001051,FAS-0262,Stainless Hex Bolt M10,Fasteners,Mumbai,Tata Steel Traders,326,90,228.98,15
P001052,FAS-0262,Stainless Hex Bolt M10,Fasteners,Delhi,Tata Steel Traders,110,63,228.98,21
P001053,FAS-0262,Stainless Hex Bolt M10,Fasteners,Kolkata,Tata Steel Traders,234,154,228.98,22
P001054,FAS-0262,Stainless Hex Bolt M10,Fasteners,Hyderabad,Tata Steel Traders,193,55,228.98,11
P001055,PKG-0263,Rubber Label Roll M8,Packaging,Hyderabad,Apex Industrial,337,108,404.21,12
P001056,PKG-0263,Rubber Label Roll M8,Packaging,Delhi,Apex Industrial,67,30,404.21,3
P001057,PKG-0263,Rubber Label Roll M8,Packaging,Kolkata,Apex Industrial,322,84,404.21,21
P001058,PKG-0263,Rubber Label Roll M8,Packaging,Chennai,Apex Industrial,196,96,404.21,32
P001059,PKG-0263,Rubber Label Roll M8,Packaging,Mumbai,Apex Industrial,403,144,404.21,16
P001060,ELE-0264,Galvanized LED Bulb 2.5mm,Electrical,Chennai,Anand Electricals,485,192,198.79,32
P001061,ELE-0264,Galvanized LED Bulb 2.5mm,Electrical,Hyderabad,Anand Electricals,158,99,198.79,33
P001062,ELE-0264,Galvanized LED Bulb 2.5mm,Electrical,Delhi,Anand Electricals,168,114,198.79,38
P001063,ELE-0264,Galvanized LED Bulb 2.5mm,Electrical,Kolkata,Anand Electricals,20,15,198.79,5
P001064,PKG-0265,Premium Bubble Wrap 25mm,Packaging,Hyderabad,Apex Industrial,11,45,294.04,9
P001065,PKG-0265,Premium Bubble Wrap 25mm,Packaging,Mumbai,Apex Industrial,124,96,294.04,12
P001066,PKG-0265,Premium Bubble Wrap 25mm,Packaging,Chennai,Apex Industrial,126,80,294.04,10
P001067,PKG-0265,Premium Bubble Wrap 25mm,Packaging,Delhi,Apex Industrial,157,240,294.04,30
P001068,SAF-0266,Rubber Dust Mask M8,Safety,Mumbai,Larsen Fittings,36,18,105.33,3
P001069,SAF-0266,Rubber Dust Mask M8,Safety,Delhi,Larsen Fittings,240,240,105.33,24
P001070,SAF-0266,Rubber Dust Mask M8,Safety,Hyderabad,Larsen Fittings,312,140,105.33,35
P001071,SAF-0266,Rubber Dust Mask M8,Safety,Kolkata,Larsen Fittings,396,198,105.33,33
P001072,PKG-0267,Compact Label Roll 25mm,Packaging,Hyderabad,Apex Industrial,287,96,404.58,12
P001073,PKG-0267,Compact Label Roll 25mm,Packaging,Kolkata,Apex Industrial,137,36,404.58,12
P001074,PKG-0267,Compact Label Roll 25mm,Packaging,Mumbai,Apex Industrial,25,25,404.58,5
P001075,ELE-0268,Rubber Switch Socket 2.5mm,Electrical,Delhi,Bharat Hardware,392,156,732.49,26
P001076,ELE-0268,Rubber Switch Socket 2.5mm,Electrical,Hyderabad,Bharat Hardware,141,133,732.49,19
P001077,ELE-0268,Rubber Switch Socket 2.5mm,Electrical,Chennai,Bharat Hardware,336,90,732.49,10
P001078,ELE-0268,Rubber Switch Socket 2.5mm,Electrical,Kolkata,Bharat Hardware,1154,290,732.49,29
P001079,FAS-0269,Premium Wood Screw 50mm,Fasteners,Delhi,Tata Steel Traders,124,140,294.51,14
P001080,FAS-0269,Premium Wood Screw 50mm,Fasteners,Mumbai,Tata Steel Traders,160,80,294.51,16
P001081,FAS-0269,Premium Wood Screw 50mm,Fasteners,Kolkata,Tata Steel Traders,220,110,294.51,22
P001082,FAS-0269,Premium Wood Screw 50mm,Fasteners,Chennai,Tata Steel Traders,28,36,294.51,12
P001083,ELE-0270,Industrial LED Bulb M6,Electrical,Chennai,Bharat Hardware,410,168,276.94,21
P001084,ELE-0270,Industrial LED Bulb M6,Electrical,Hyderabad,Bharat Hardware,765,270,276.94,30
P001085,ELE-0270,Industrial LED Bulb M6,Electrical,Kolkata,Bharat Hardware,390,390,276.94,39
P001086,ELE-0270,Industrial LED Bulb M6,Electrical,Mumbai,Bharat Hardware,298,112,276.94,16
P001087,FAS-0271,Zinc Wood Screw 1 inch,Fasteners,Kolkata,Reliance Industrial,9,10,235.85,2
P001088,FAS-0271,Zinc Wood Screw 1 inch,Fasteners,Hyderabad,Reliance Industrial,40,80,235.85,16
P001089,FAS-0271,Zinc Wood Screw 1 inch,Fasteners,Chennai,Reliance Industrial,193,160,235.85,40
P001090,FAS-0271,Zinc Wood Screw 1 inch,Fasteners,Delhi,Reliance Industrial,240,120,235.85,24
P001091,FAS-0271,Zinc Wood Screw 1 inch,Fasteners,Mumbai,Reliance Industrial,0,16,235.85,2
P001092,TOL-0272,Stainless Drill Bit M6,Tools,Delhi,Godrej Safety,623,210,1215.27,21
P001093,TOL-0272,Stainless Drill Bit M6,Tools,Mumbai,Godrej Safety,8,8,1215.27,1
P001094,TOL-0272,Stainless Drill Bit M6,Tools,Hyderabad,Godrej Safety,177,50,1215.27,5
P001095,TOL-0272,Stainless Drill Bit M6,Tools,Kolkata,Godrej Safety,220,216,1215.27,27
P001096,SAF-0273,Heavy Duty Dust Mask 1 inch,Safety,Chennai,Havells Direct,1091,310,258.32,31
P001097,SAF-0273,Heavy Duty Dust Mask 1 inch,Safety,Kolkata,Havells Direct,544,224,258.32,28
P001098,SAF-0273,Heavy Duty Dust Mask 1 inch,Safety,Mumbai,Havells Direct,314,279,258.32,31
P001099,SAF-0273,Heavy Duty Dust Mask 1 inch,Safety,Delhi,Havells Direct,307,204,258.32,34
P001100,SAF-0273,Heavy Duty Dust Mask 1 inch,Safety,Hyderabad,Havells Direct,303,120,258.32,20
P001101,SAF-0274,Galvanized Dust Mask 12mm,Safety,Mumbai,Havells Direct,135,135,336.33,27
P001102,SAF-0274,Galvanized Dust Mask 12mm,Safety,Chennai,Havells Direct,479,238,336.33,34
P001103,SAF-0274,Galvanized Dust Mask 12mm,Safety,Hyderabad,Havells Direct,99,54,336.33,9
P001104,SAF-0274,Galvanized Dust Mask 12mm,Safety,Delhi,Havells Direct,85,42,336.33,7
P001105,FAS-0275,Rubber Anchor Bolt 25mm,Fasteners,Kolkata,Reliance Industrial,167,280,29.81,35
P001106,FAS-0275,Rubber Anchor Bolt 25mm,Fasteners,Hyderabad,Reliance Industrial,152,152,29.81,19
P001107,FAS-0275,Rubber Anchor Bolt 25mm,Fasteners,Chennai,Reliance Industrial,42,21,29.81,3
P001108,FAS-0275,Rubber Anchor Bolt 25mm,Fasteners,Mumbai,Reliance Industrial,96,96,29.81,24
P001109,PKG-0276,Heavy Duty Stretch Film M10,Packaging,Mumbai,Jindal Pipes,135,90,123.37,30
P001110,PKG-0276,Heavy Duty Stretch Film M10,Packaging,Delhi,Jindal Pipes,321,100,123.37,10
P001111,PKG-0276,Heavy Duty Stretch Film M10,Packaging,Chennai,Jindal Pipes,174,69,123.37,23
P001112,SAF-0277,Brass Ear Plug 1 inch,Safety,Mumbai,Larsen Fittings,62,70,376.18,10
P001113,SAF-0277,Brass Ear Plug 1 inch,Safety,Chennai,Larsen Fittings,0,114,376.18,38
P001114,SAF-0277,Brass Ear Plug 1 inch,Safety,Delhi,Larsen Fittings,168,84,376.18,12
P001115,SAF-0277,Brass Ear Plug 1 inch,Safety,Kolkata,Larsen Fittings,24,360,376.18,36
P001116,PKG-0278,Industrial Label Roll 12mm,Packaging,Kolkata,Apex Industrial,81,90,267.73,9
P001117,PKG-0278,Industrial Label Roll 12mm,Packaging,Chennai,Apex Industrial,6,27,267.73,3
P001118,PKG-0278,Industrial Label Roll 12mm,Packaging,Delhi,Apex Industrial,80,40,267.73,10
P001119,SAF-0279,Compact Dust Mask 12mm,Safety,Mumbai,Larsen Fittings,244,99,367.98,33
P001120,SAF-0279,Compact Dust Mask 12mm,Safety,Kolkata,Larsen Fittings,166,108,367.98,36
P001121,SAF-0279,Compact Dust Mask 12mm,Safety,Delhi,Larsen Fittings,56,18,367.98,2
P001122,SAF-0279,Compact Dust Mask 12mm,Safety,Chennai,Larsen Fittings,326,160,367.98,16
P001123,PKG-0280,Rubber Cardboard Box 1 inch,Packaging,Chennai,Jindal Pipes,180,180,329.48,30
P001124,PKG-0280,Rubber Cardboard Box 1 inch,Packaging,Kolkata,Jindal Pipes,134,48,329.48,6
P001125,PKG-0280,Rubber Cardboard Box 1 inch,Packaging,Hyderabad,Jindal Pipes,15,15,329.48,3
P001126,PKG-0280,Rubber Cardboard Box 1 inch,Packaging,Delhi,Jindal Pipes,72,36,329.48,4
P001127,PKG-0280,Rubber Cardboard Box 1 inch,Packaging,Mumbai,Jindal Pipes,424,240,329.48,24
P001128,SAF-0281,Heavy Duty Work Gloves 1 inch,Safety,Delhi,Larsen Fittings,427,140,248.25,20
P001129,SAF-0281,Heavy Duty Work Gloves 1 inch,Safety,Kolkata,Larsen Fittings,340,112,248.25,16
P001130,SAF-0281,Heavy Duty Work Gloves 1 inch,Safety,Chennai,Larsen Fittings,874,231,248.25,33
P001131,SAF-0281,Heavy Duty Work Gloves 1 inch,Safety,Hyderabad,Larsen Fittings,429,160,248.25,16
P001132,PKG-0282,Galvanized Bubble Wrap 25mm,Packaging,Chennai,Jindal Pipes,265,80,176.27,10
P001133,PKG-0282,Galvanized Bubble Wrap 25mm,Packaging,Delhi,Jindal Pipes,20,20,176.27,4
P001134,PKG-0282,Galvanized Bubble Wrap 25mm,Packaging,Mumbai,Jindal Pipes,769,290,176.27,29
P001135,PKG-0282,Galvanized Bubble Wrap 25mm,Packaging,Kolkata,Jindal Pipes,220,180,176.27,30
P001136,TOL-0283,Steel Screwdriver Set 25mm,Tools,Hyderabad,Godrej Safety,320,152,1955.50,38
P001137,TOL-0283,Steel Screwdriver Set 25mm,Tools,Chennai,Godrej Safety,1406,370,1955.50,37
P001138,TOL-0283,Steel Screwdriver Set 25mm,Tools,Kolkata,Godrej Safety,99,40,1955.50,10
P001139,TOL-0283,Steel Screwdriver Set 25mm,Tools,Delhi,Godrej Safety,397,272,1955.50,34
P001140,TOL-0283,Steel Screwdriver Set 25mm,Tools,Mumbai,Godrej Safety,120,90,1955.50,9
P001141,SAF-0284,Stainless Work Gloves M6,Safety,Kolkata,Larsen Fittings,433,290,292.84,29
P001142,SAF-0284,Stainless Work Gloves M6,Safety,Delhi,Larsen Fittings,351,186,292.84,31
P001143,SAF-0284,Stainless Work Gloves M6,Safety,Chennai,Larsen Fittings,216,189,292.84,27
P001144,SAF-0285,Heavy Duty Reflective Vest 1 inch,Safety,Delhi,Larsen Fittings,3,36,296.13,12
P001145,SAF-0285,Heavy Duty Reflective Vest 1 inch,Safety,Mumbai,Larsen Fittings,106,54,296.13,6
P001146,SAF-0285,Heavy Duty Reflective Vest 1 inch,Safety,Hyderabad,Larsen Fittings,60,30,296.13,3
P001147,SAF-0285,Heavy Duty Reflective Vest 1 inch,Safety,Chennai,Larsen Fittings,146,185,296.13,37
P001148,SAF-0286,Compact Ear Plug M8,Safety,Hyderabad,Havells Direct,88,27,270.02,3
P001149,SAF-0286,Compact Ear Plug M8,Safety,Delhi,Havells Direct,949,280,270.02,28
P001150,SAF-0286,Compact Ear Plug M8,Safety,Kolkata,Havells Direct,285,200,270.02,20
P001151,SAF-0286,Compact Ear Plug M8,Safety,Chennai,Havells Direct,688,234,270.02,26
P001152,PKG-0287,Industrial Bubble Wrap 2.5mm,Packaging,Kolkata,Jindal Pipes,0,12,272.09,4
P001153,PKG-0287,Industrial Bubble Wrap 2.5mm,Packaging,Delhi,Jindal Pipes,40,20,272.09,5
P001154,PKG-0287,Industrial Bubble Wrap 2.5mm,Packaging,Chennai,Jindal Pipes,75,60,272.09,20
P001155,PKG-0287,Industrial Bubble Wrap 2.5mm,Packaging,Mumbai,Jindal Pipes,138,84,272.09,12
P001156,PKG-0287,Industrial Bubble Wrap 2.5mm,Packaging,Hyderabad,Jindal Pipes,37,128,272.09,16
P001157,TOL-0288,Zinc Drill Bit 1 inch,Tools,Delhi,Godrej Safety,210,80,1955.95,10
P001158,TOL-0288,Zinc Drill Bit 1 inch,Tools,Hyderabad,Godrej Safety,437,152,1955.95,19
P001159,TOL-0288,Zinc Drill Bit 1 inch,Tools,Chennai,Godrej Safety,230,63,1955.95,9
P001160,TOL-0288,Zinc Drill Bit 1 inch,Tools,Mumbai,Godrej Safety,539,180,1955.95,30
P001161,TOL-0288,Zinc Drill Bit 1 inch,Tools,Kolkata,Godrej Safety,245,243,1955.95,27
P001162,SAF-0289,Zinc Dust Mask M6,Safety,Kolkata,Havells Direct,168,168,148.80,24
P001163,SAF-0289,Zinc Dust Mask M6,Safety,Hyderabad,Havells Direct,93,42,148.80,7
P001164,SAF-0289,Zinc Dust Mask M6,Safety,Mumbai,Havells Direct,289,216,148.80,36
P001165,TOL-0290,Rubber Measuring Tape 12mm,Tools,Mumbai,Godrej Safety,364,147,1210.30,21
P001166,TOL-0290,Rubber Measuring Tape 12mm,Tools,Chennai,Godrej Safety,738,240,1210.30,40
P001167,TOL-0290,Rubber Measuring Tape 12mm,Tools,Delhi,Godrej Safety,21,16,1210.30,2
P001168,TOL-0290,Rubber Measuring Tape 12mm,Tools,Kolkata,Godrej Safety,839,400,1210.30,40
P001169,TOL-0290,Rubber Measuring Tape 12mm,Tools,Hyderabad,Godrej Safety,160,54,1210.30,18
P001170,FAS-0291,Premium Wood Screw 2.5mm,Fasteners,Mumbai,Reliance Industrial,217,119,215.74,17
P001171,FAS-0291,Premium Wood Screw 2.5mm,Fasteners,Kolkata,Reliance Industrial,295,102,215.74,17
P001172,FAS-0291,Premium Wood Screw 2.5mm,Fasteners,Delhi,Reliance Industrial,41,15,215.74,3
P001173,FAS-0291,Premium Wood Screw 2.5mm,Fasteners,Chennai,Reliance Industrial,234,112,215.74,16
P001174,PLU-0292,Steel PVC Pipe M6,Plumbing,Hyderabad,Kaveri Packaging,25,25,408.92,5
P001175,PLU-0292,Steel PVC Pipe M6,Plumbing,Chennai,Kaveri Packaging,90,45,408.92,5
P001176,PLU-0292,Steel PVC Pipe M6,Plumbing,Mumbai,Kaveri Packaging,67,196,408.92,28
P001177,PLU-0292,Steel PVC Pipe M6,Plumbing,Delhi,Kaveri Packaging,9,8,408.92,1
P001178,PLU-0292,Steel PVC Pipe M6,Plumbing,Kolkata,Kaveri Packaging,0,18,408.92,6
P001179,FAS-0293,Heavy Duty Rivet 1 inch,Fasteners,Mumbai,Reliance Industrial,490,279,189.98,31
P001180,FAS-0293,Heavy Duty Rivet 1 inch,Fasteners,Chennai,Reliance Industrial,171,133,189.98,19
P001181,FAS-0293,Heavy Duty Rivet 1 inch,Fasteners,Kolkata,Reliance Industrial,289,98,189.98,14
P001182,ELE-0294,Rubber LED Bulb M8,Electrical,Kolkata,Anand Electricals,675,190,603.33,19
P001183,ELE-0294,Rubber LED Bulb M8,Electrical,Hyderabad,Anand Electricals,236,77,603.33,11
P001184,ELE-0294,Rubber LED Bulb M8,Electrical,Delhi,Anand Electricals,476,130,603.33,13
P001185,ELE-0294,Rubber LED Bulb M8,Electrical,Mumbai,Anand Electricals,467,156,603.33,26
P001186,ELE-0294,Rubber LED Bulb M8,Electrical,Chennai,Anand Electricals,66,21,603.33,7
P001187,PKG-0295,Brass Stretch Film 12mm,Packaging,Hyderabad,Apex Industrial,647,174,155.15,29
P001188,PKG-0295,Brass Stretch Film 12mm,Packaging,Kolkata,Apex Industrial,80,80,155.15,10
P001189,PKG-0295,Brass Stretch Film 12mm,Packaging,Delhi,Apex Industrial,521,225,155.15,25
P001190,ELE-0296,Brass Glass Fuse 50mm,Electrical,Kolkata,Anand Electricals,174,48,903.24,16
P001191,ELE-0296,Brass Glass Fuse 50mm,Electrical,Hyderabad,Anand Electricals,45,45,903.24,15
P001192,ELE-0296,Brass Glass Fuse 50mm,Electrical,Delhi,Anand Electricals,252,108,903.24,12
P001193,FAS-0297,Heavy Duty Hex Bolt 12mm,Fasteners,Chennai,Tata Steel Traders,315,315,21.85,35
P001194,FAS-0297,Heavy Duty Hex Bolt 12mm,Fasteners,Mumbai,Tata Steel Traders,185,117,21.85,13
P001195,FAS-0297,Heavy Duty Hex Bolt 12mm,Fasteners,Delhi,Tata Steel Traders,64,32,21.85,8
P001196,FAS-0297,Heavy Duty Hex Bolt 12mm,Fasteners,Kolkata,Tata Steel Traders,324,128,21.85,32
P001197,TOL-0298,Steel Adjustable Spanner 1 inch,Tools,Delhi,Mahindra Tools,22,8,715.37,2
P001198,TOL-0298,Steel Adjustable Spanner 1 inch,Tools,Hyderabad,Mahindra Tools,375,119,715.37,17
P001199,TOL-0298,Steel Adjustable Spanner 1 inch,Tools,Mumbai,Mahindra Tools,425,198,715.37,33
P001200,TOL-0298,Steel Adjustable Spanner 1 inch,Tools,Kolkata,Mahindra Tools,130,130,715.37,13
P001201,TOL-0298,Steel Adjustable Spanner 1 inch,Tools,Chennai,Mahindra Tools,6,6,715.37,1
P001202,SAF-0299,Rubber Safety Helmet M8,Safety,Delhi,Havells Direct,274,130,57.30,26
P001203,SAF-0299,Rubber Safety Helmet M8,Safety,Mumbai,Havells Direct,116,35,57.30,7
P001204,SAF-0299,Rubber Safety Helmet M8,Safety,Chennai,Havells Direct,143,48,57.30,12
P001205,SAF-0300,Zinc Ear Plug M8,Safety,Delhi,Havells Direct,476,144,302.46,16
P001206,SAF-0300,Zinc Ear Plug M8,Safety,Mumbai,Havells Direct,396,200,302.46,25
P001207,SAF-0300,Zinc Ear Plug M8,Safety,Chennai,Havells Direct,528,138,302.46,23
P001208,SAF-0300,Zinc Ear Plug M8,Safety,Hyderabad,Havells Direct,582,324,302.46,36
P001209,SAF-0300,Zinc Ear Plug M8,Safety,Kolkata,Havells Direct,355,304,302.46,38
P001210,ELE-0301,Zinc Circuit Breaker 25mm,Electrical,Delhi,Bharat Hardware,190,128,1206.68,32
P001211,ELE-0301,Zinc Circuit Breaker 25mm,Electrical,Mumbai,Bharat Hardware,67,45,1206.68,9
P001212,ELE-0301,Zinc Circuit Breaker 25mm,Electrical,Hyderabad,Bharat Hardware,53,18,1206.68,3
P001213,ELE-0301,Zinc Circuit Breaker 25mm,Electrical,Chennai,Bharat Hardware,384,259,1206.68,37
P001214,TOL-0302,Galvanized Drill Bit 1 inch,Tools,Hyderabad,Mahindra Tools,52,135,450.72,27
P001215,TOL-0302,Galvanized Drill Bit 1 inch,Tools,Chennai,Mahindra Tools,41,30,450.72,10
P001216,TOL-0302,Galvanized Drill Bit 1 inch,Tools,Mumbai,Mahindra Tools,336,168,450.72,21
P001217,TOL-0302,Galvanized Drill Bit 1 inch,Tools,Delhi,Mahindra Tools,2,150,450.72,25
P001218,ELE-0303,Galvanized Circuit Breaker M6,Electrical,Mumbai,Anand Electricals,127,105,780.67,21
P001219,ELE-0303,Galvanized Circuit Breaker M6,Electrical,Delhi,Anand Electricals,295,147,780.67,21
P001220,ELE-0303,Galvanized Circuit Breaker M6,Electrical,Hyderabad,Anand Electricals,203,102,780.67,17
P001221,ELE-0303,Galvanized Circuit Breaker M6,Electrical,Chennai,Anand Electricals,260,160,780.67,20
P001222,FAS-0304,Premium Rivet M6,Fasteners,Hyderabad,Reliance Industrial,80,80,356.85,8
P001223,FAS-0304,Premium Rivet M6,Fasteners,Chennai,Reliance Industrial,621,180,356.85,36
P001224,FAS-0304,Premium Rivet M6,Fasteners,Mumbai,Reliance Industrial,8,4,356.85,1
P001225,FAS-0304,Premium Rivet M6,Fasteners,Kolkata,Reliance Industrial,194,92,356.85,23
P001226,FAS-0305,Galvanized Hex Nut M6,Fasteners,Mumbai,Reliance Industrial,72,36,395.47,4
P001227,FAS-0305,Galvanized Hex Nut M6,Fasteners,Delhi,Reliance Industrial,204,99,395.47,33
P001228,FAS-0305,Galvanized Hex Nut M6,Fasteners,Chennai,Reliance Industrial,156,156,395.47,26
P001229,FAS-0305,Galvanized Hex Nut M6,Fasteners,Hyderabad,Reliance Industrial,518,168,395.47,21
P001230,FAS-0305,Galvanized Hex Nut M6,Fasteners,Kolkata,Reliance Industrial,438,144,395.47,18
P001231,PKG-0306,Steel Packing Tape M8,Packaging,Chennai,Apex Industrial,505,360,97.55,40
P001232,PKG-0306,Steel Packing Tape M8,Packaging,Hyderabad,Apex Industrial,393,186,97.55,31
P001233,PKG-0306,Steel Packing Tape M8,Packaging,Delhi,Apex Industrial,848,228,97.55,38
P001234,PKG-0306,Steel Packing Tape M8,Packaging,Mumbai,Apex Industrial,304,304,97.55,38
P001235,TOL-0307,Stainless Measuring Tape M6,Tools,Hyderabad,Godrej Safety,45,96,1270.11,24
P001236,TOL-0307,Stainless Measuring Tape M6,Tools,Delhi,Godrej Safety,324,162,1270.11,27
P001237,TOL-0307,Stainless Measuring Tape M6,Tools,Kolkata,Godrej Safety,48,24,1270.11,6
P001238,PKG-0308,Compact Bubble Wrap 50mm,Packaging,Mumbai,Jindal Pipes,35,18,313.55,3
P001239,PKG-0308,Compact Bubble Wrap 50mm,Packaging,Chennai,Jindal Pipes,3,66,313.55,11
P001240,PKG-0308,Compact Bubble Wrap 50mm,Packaging,Hyderabad,Jindal Pipes,149,261,313.55,29
P001241,PKG-0308,Compact Bubble Wrap 50mm,Packaging,Delhi,Jindal Pipes,298,155,313.55,31
P001242,PKG-0308,Compact Bubble Wrap 50mm,Packaging,Kolkata,Jindal Pipes,209,240,313.55,30
P001243,TOL-0309,Industrial Hacksaw Blade 12mm,Tools,Chennai,Mahindra Tools,234,234,1055.95,39
P001244,TOL-0309,Industrial Hacksaw Blade 12mm,Tools,Mumbai,Mahindra Tools,592,296,1055.95,37
P001245,TOL-0309,Industrial Hacksaw Blade 12mm,Tools,Hyderabad,Mahindra Tools,18,9,1055.95,3
P001246,TOL-0309,Industrial Hacksaw Blade 12mm,Tools,Delhi,Mahindra Tools,123,69,1055.95,23
P001247,TOL-0309,Industrial Hacksaw Blade 12mm,Tools,Kolkata,Mahindra Tools,144,156,1055.95,26
P001248,SAF-0310,Steel Reflective Vest M8,Safety,Kolkata,Havells Direct,55,45,404.25,9
P001249,SAF-0310,Steel Reflective Vest M8,Safety,Delhi,Havells Direct,280,280,404.25,40
P001250,SAF-0310,Steel Reflective Vest M8,Safety,Mumbai,Havells Direct,80,64,404.25,8
P001251,SAF-0310,Steel Reflective Vest M8,Safety,Hyderabad,Havells Direct,269,84,404.25,21
P001252,TOL-0311,Heavy Duty Screwdriver Set 12mm,Tools,Delhi,Godrej Safety,225,111,1190.18,37
P001253,TOL-0311,Heavy Duty Screwdriver Set 12mm,Tools,Mumbai,Godrej Safety,90,45,1190.18,5
P001254,TOL-0311,Heavy Duty Screwdriver Set 12mm,Tools,Kolkata,Godrej Safety,200,200,1190.18,25
P001255,TOL-0311,Heavy Duty Screwdriver Set 12mm,Tools,Chennai,Godrej Safety,294,185,1190.18,37
P001256,SAF-0312,Rubber Reflective Vest 1 inch,Safety,Hyderabad,Larsen Fittings,39,39,89.44,13
P001257,SAF-0312,Rubber Reflective Vest 1 inch,Safety,Chennai,Larsen Fittings,283,124,89.44,31
P001258,SAF-0312,Rubber Reflective Vest 1 inch,Safety,Delhi,Larsen Fittings,419,136,89.44,17
P001259,SAF-0313,Steel Reflective Vest M10,Safety,Delhi,Havells Direct,295,333,360.56,37
P001260,SAF-0313,Steel Reflective Vest M10,Safety,Mumbai,Havells Direct,6,60,360.56,6
P001261,SAF-0313,Steel Reflective Vest M10,Safety,Hyderabad,Havells Direct,314,186,360.56,31
P001262,FAS-0314,Zinc Wood Screw M6,Fasteners,Hyderabad,Reliance Industrial,182,182,111.84,26
P001263,FAS-0314,Zinc Wood Screw M6,Fasteners,Delhi,Reliance Industrial,140,70,111.84,14
P001264,FAS-0314,Zinc Wood Screw M6,Fasteners,Kolkata,Reliance Industrial,57,45,111.84,15
P001265,FAS-0314,Zinc Wood Screw M6,Fasteners,Mumbai,Reliance Industrial,260,100,111.84,25
P001266,FAS-0315,Galvanized Rivet 1 inch,Fasteners,Hyderabad,Tata Steel Traders,40,20,395.61,2
P001267,FAS-0315,Galvanized Rivet 1 inch,Fasteners,Chennai,Tata Steel Traders,53,63,395.61,9
P001268,FAS-0315,Galvanized Rivet 1 inch,Fasteners,Kolkata,Tata Steel Traders,105,80,395.61,10
P001269,FAS-0315,Galvanized Rivet 1 inch,Fasteners,Mumbai,Tata Steel Traders,136,136,395.61,17
P001270,FAS-0315,Galvanized Rivet 1 inch,Fasteners,Delhi,Tata Steel Traders,336,168,395.61,28
P001271,PLU-0316,Zinc Elbow Joint M6,Plumbing,Delhi,Kaveri Packaging,272,105,370.09,21
P001272,PLU-0316,Zinc Elbow Joint M6,Plumbing,Hyderabad,Kaveri Packaging,104,104,370.09,26
P001273,PLU-0316,Zinc Elbow Joint M6,Plumbing,Mumbai,Kaveri Packaging,593,280,370.09,35
P001274,PLU-0316,Zinc Elbow Joint M6,Plumbing,Kolkata,Kaveri Packaging,479,132,370.09,22
P001275,ELE-0317,Rubber LED Bulb 2.5mm,Electrical,Kolkata,Anand Electricals,250,250,1197.19,25
P001276,ELE-0317,Rubber LED Bulb 2.5mm,Electrical,Hyderabad,Anand Electricals,213,126,1197.19,21
P001277,ELE-0317,Rubber LED Bulb 2.5mm,Electrical,Mumbai,Anand Electricals,270,270,1197.19,27
P001278,ELE-0317,Rubber LED Bulb 2.5mm,Electrical,Chennai,Anand Electricals,150,150,1197.19,15
P001279,ELE-0317,Rubber LED Bulb 2.5mm,Electrical,Delhi,Anand Electricals,462,186,1197.19,31
P001280,SAF-0318,Zinc Ear Plug 2.5mm,Safety,Chennai,Havells Direct,81,21,330.78,3
P001281,SAF-0318,Zinc Ear Plug 2.5mm,Safety,Hyderabad,Havells Direct,24,12,330.78,2
P001282,SAF-0318,Zinc Ear Plug 2.5mm,Safety,Kolkata,Havells Direct,252,90,330.78,15
P001283,SAF-0318,Zinc Ear Plug 2.5mm,Safety,Mumbai,Havells Direct,242,93,330.78,31
P001284,FAS-0319,Stainless Flat Washer 1 inch,Fasteners,Mumbai,Tata Steel Traders,475,154,268.80,22
P001285,FAS-0319,Stainless Flat Washer 1 inch,Fasteners,Kolkata,Tata Steel Traders,60,20,268.80,2
P001286,FAS-0319,Stainless Flat Washer 1 inch,Fasteners,Delhi,Tata Steel Traders,253,96,268.80,24
P001287,FAS-0319,Stainless Flat Washer 1 inch,Fasteners,Hyderabad,Tata Steel Traders,562,250,268.80,25
P001288,FAS-0320,Premium Anchor Bolt 1 inch,Fasteners,Delhi,Tata Steel Traders,663,320,327.47,32
P001289,FAS-0320,Premium Anchor Bolt 1 inch,Fasteners,Hyderabad,Tata Steel Traders,584,297,327.47,33
P001290,FAS-0320,Premium Anchor Bolt 1 inch,Fasteners,Kolkata,Tata Steel Traders,198,198,327.47,33
P001291,FAS-0320,Premium Anchor Bolt 1 inch,Fasteners,Chennai,Tata Steel Traders,90,90,327.47,9
P001292,FAS-0320,Premium Anchor Bolt 1 inch,Fasteners,Mumbai,Tata Steel Traders,57,57,327.47,19
P001293,FAS-0321,Compact Anchor Bolt M6,Fasteners,Hyderabad,Tata Steel Traders,159,144,46.57,24
P001294,FAS-0321,Compact Anchor Bolt M6,Fasteners,Kolkata,Tata Steel Traders,395,102,46.57,34
P001295,FAS-0321,Compact Anchor Bolt M6,Fasteners,Chennai,Tata Steel Traders,148,40,46.57,8
P001296,FAS-0321,Compact Anchor Bolt M6,Fasteners,Delhi,Tata Steel Traders,408,162,46.57,18
P001297,ELE-0322,Brass Cable Tie 50mm,Electrical,Hyderabad,Anand Electricals,163,200,564.30,20
P001298,ELE-0322,Brass Cable Tie 50mm,Electrical,Mumbai,Anand Electricals,70,35,564.30,5
P001299,ELE-0322,Brass Cable Tie 50mm,Electrical,Kolkata,Anand Electricals,160,80,564.30,8
P001300,FAS-0323,Industrial Wood Screw 25mm,Fasteners,Hyderabad,Tata Steel Traders,426,216,86.68,36
P001301,FAS-0323,Industrial Wood Screw 25mm,Fasteners,Kolkata,Tata Steel Traders,701,198,86.68,22
P001302,FAS-0323,Industrial Wood Screw 25mm,Fasteners,Mumbai,Tata Steel Traders,180,90,86.68,10
P001303,FAS-0323,Industrial Wood Screw 25mm,Fasteners,Chennai,Tata Steel Traders,288,288,86.68,36
P001304,FAS-0323,Industrial Wood Screw 25mm,Fasteners,Delhi,Tata Steel Traders,468,189,86.68,21
P001305,SAF-0324,Premium Reflective Vest 12mm,Safety,Delhi,Havells Direct,270,136,45.19,34
P001306,SAF-0324,Premium Reflective Vest 12mm,Safety,Mumbai,Havells Direct,1128,306,45.19,34
P001307,SAF-0324,Premium Reflective Vest 12mm,Safety,Hyderabad,Havells Direct,261,77,45.19,11
P001308,SAF-0324,Premium Reflective Vest 12mm,Safety,Kolkata,Havells Direct,79,52,45.19,13
P001309,PLU-0325,Rubber Water Tap M10,Plumbing,Mumbai,Kaveri Packaging,1074,350,118.83,35
P001310,PLU-0325,Rubber Water Tap M10,Plumbing,Delhi,Kaveri Packaging,234,65,118.83,13
P001311,PLU-0325,Rubber Water Tap M10,Plumbing,Hyderabad,Kaveri Packaging,56,24,118.83,8
P001312,ELE-0326,Zinc LED Bulb M8,Electrical,Mumbai,Anand Electricals,90,32,96.61,8
P001313,ELE-0326,Zinc LED Bulb M8,Electrical,Delhi,Anand Electricals,231,84,96.61,14
P001314,ELE-0326,Zinc LED Bulb M8,Electrical,Kolkata,Anand Electricals,229,105,96.61,15
P001315,ELE-0326,Zinc LED Bulb M8,Electrical,Chennai,Anand Electricals,230,224,96.61,32
P001316,FAS-0327,Compact Anchor Bolt 25mm,Fasteners,Chennai,Tata Steel Traders,96,48,74.81,12
P001317,FAS-0327,Compact Anchor Bolt 25mm,Fasteners,Delhi,Tata Steel Traders,429,230,74.81,23
P001318,FAS-0327,Compact Anchor Bolt 25mm,Fasteners,Mumbai,Tata Steel Traders,33,42,74.81,6
P001319,SAF-0328,Stainless Safety Goggles M8,Safety,Hyderabad,Havells Direct,60,30,221.46,6
P001320,SAF-0328,Stainless Safety Goggles M8,Safety,Delhi,Havells Direct,38,15,221.46,5
P001321,SAF-0328,Stainless Safety Goggles M8,Safety,Mumbai,Havells Direct,1291,351,221.46,39
P001322,SAF-0328,Stainless Safety Goggles M8,Safety,Chennai,Havells Direct,204,204,221.46,34
P001323,PKG-0329,Compact Cardboard Box M10,Packaging,Chennai,Apex Industrial,588,240,10.25,24
P001324,PKG-0329,Compact Cardboard Box M10,Packaging,Hyderabad,Apex Industrial,195,195,10.25,39
P001325,PKG-0329,Compact Cardboard Box M10,Packaging,Delhi,Apex Industrial,260,108,10.25,36
P001326,FAS-0330,Compact Anchor Bolt 2.5mm,Fasteners,Kolkata,Tata Steel Traders,64,32,187.84,8
P001327,FAS-0330,Compact Anchor Bolt 2.5mm,Fasteners,Hyderabad,Tata Steel Traders,103,69,187.84,23
P001328,FAS-0330,Compact Anchor Bolt 2.5mm,Fasteners,Chennai,Tata Steel Traders,100,136,187.84,17
P001329,FAS-0330,Compact Anchor Bolt 2.5mm,Fasteners,Delhi,Tata Steel Traders,18,18,187.84,3
P001330,ELE-0331,Industrial Cable Tie 25mm,Electrical,Hyderabad,Bharat Hardware,331,88,588.17,22
P001331,ELE-0331,Industrial Cable Tie 25mm,Electrical,Kolkata,Bharat Hardware,185,90,588.17,10
P001332,ELE-0331,Industrial Cable Tie 25mm,Electrical,Mumbai,Bharat Hardware,125,52,588.17,13
P001333,SAF-0332,Zinc Work Gloves 1 inch,Safety,Hyderabad,Larsen Fittings,488,180,86.56,20
P001334,SAF-0332,Zinc Work Gloves 1 inch,Safety,Delhi,Larsen Fittings,234,200,86.56,20
P001335,SAF-0332,Zinc Work Gloves 1 inch,Safety,Chennai,Larsen Fittings,72,72,86.56,18
P001336,SAF-0332,Zinc Work Gloves 1 inch,Safety,Mumbai,Larsen Fittings,117,117,86.56,39
P001337,SAF-0332,Zinc Work Gloves 1 inch,Safety,Kolkata,Larsen Fittings,191,111,86.56,37
P001338,PKG-0333,Galvanized Pallet Strap M6,Packaging,Kolkata,Apex Industrial,192,54,83.69,6
P001339,PKG-0333,Galvanized Pallet Strap M6,Packaging,Mumbai,Apex Industrial,535,152,83.69,38
P001340,PKG-0333,Galvanized Pallet Strap M6,Packaging,Hyderabad,Apex Industrial,10,10,83.69,1
P001341,PKG-0333,Galvanized Pallet Strap M6,Packaging,Delhi,Apex Industrial,42,27,83.69,9
P001342,PLU-0334,Zinc Teflon Tape 25mm,Plumbing,Mumbai,Sri Lakshmi Supplies,513,156,126.43,26
P001343,PLU-0334,Zinc Teflon Tape 25mm,Plumbing,Kolkata,Sri Lakshmi Supplies,298,216,126.43,27
P001344,PLU-0334,Zinc Teflon Tape 25mm,Plumbing,Delhi,Sri Lakshmi Supplies,38,21,126.43,3
P001345,PLU-0335,Industrial Ball Valve M6,Plumbing,Kolkata,Sri Lakshmi Supplies,36,18,177.03,2
P001346,PLU-0335,Industrial Ball Valve M6,Plumbing,Hyderabad,Sri Lakshmi Supplies,210,175,177.03,25
P001347,PLU-0335,Industrial Ball Valve M6,Plumbing,Mumbai,Sri Lakshmi Supplies,24,48,177.03,8
P001348,PLU-0335,Industrial Ball Valve M6,Plumbing,Delhi,Sri Lakshmi Supplies,309,186,177.03,31
P001349,FAS-0336,Steel Hex Nut 50mm,Fasteners,Kolkata,Reliance Industrial,65,20,204.16,5
P001350,FAS-0336,Steel Hex Nut 50mm,Fasteners,Chennai,Reliance Industrial,728,342,204.16,38
P001351,FAS-0336,Steel Hex Nut 50mm,Fasteners,Delhi,Reliance Industrial,25,25,204.16,5
P001352,SAF-0337,Galvanized Dust Mask M6,Safety,Kolkata,Havells Direct,404,125,399.03,25
P001353,SAF-0337,Galvanized Dust Mask M6,Safety,Mumbai,Havells Direct,247,114,399.03,38
P001354,SAF-0337,Galvanized Dust Mask M6,Safety,Delhi,Havells Direct,204,204,399.03,34
P001355,SAF-0337,Galvanized Dust Mask M6,Safety,Hyderabad,Havells Direct,66,66,399.03,22
P001356,SAF-0337,Galvanized Dust Mask M6,Safety,Chennai,Havells Direct,144,144,399.03,18
P001357,PLU-0338,Compact Teflon Tape 25mm,Plumbing,Hyderabad,Sri Lakshmi Supplies,50,21,322.98,3
P001358,PLU-0338,Compact Teflon Tape 25mm,Plumbing,Delhi,Sri Lakshmi Supplies,8,8,322.98,1
P001359,PLU-0338,Compact Teflon Tape 25mm,Plumbing,Chennai,Sri Lakshmi Supplies,743,272,322.98,34
P001360,FAS-0339,Galvanized Flat Washer 1 inch,Fasteners,Delhi,Reliance Industrial,120,65,129.24,13
P001361,FAS-0339,Galvanized Flat Washer 1 inch,Fasteners,Hyderabad,Reliance Industrial,20,80,129.24,8
P001362,FAS-0339,Galvanized Flat Washer 1 inch,Fasteners,Mumbai,Reliance Industrial,43,25,129.24,5
P001363,FAS-0339,Galvanized Flat Washer 1 inch,Fasteners,Kolkata,Reliance Industrial,207,117,129.24,13
P001364,PLU-0340,Stainless Elbow Joint 25mm,Plumbing,Mumbai,Sri Lakshmi Supplies,441,162,204.05,18
P001365,PLU-0340,Stainless Elbow Joint 25mm,Plumbing,Delhi,Sri Lakshmi Supplies,541,148,204.05,37
P001366,PLU-0340,Stainless Elbow Joint 25mm,Plumbing,Chennai,Sri Lakshmi Supplies,309,120,204.05,15
P001367,TOL-0341,Premium Screwdriver Set 50mm,Tools,Chennai,Godrej Safety,423,147,1330.97,21
P001368,TOL-0341,Premium Screwdriver Set 50mm,Tools,Mumbai,Godrej Safety,81,42,1330.97,6
P001369,TOL-0341,Premium Screwdriver Set 50mm,Tools,Kolkata,Godrej Safety,445,130,1330.97,13
P001370,TOL-0341,Premium Screwdriver Set 50mm,Tools,Hyderabad,Godrej Safety,1271,351,1330.97,39
P001371,TOL-0341,Premium Screwdriver Set 50mm,Tools,Delhi,Godrej Safety,200,200,1330.97,20
P001372,PKG-0342,Compact Bubble Wrap 25mm,Packaging,Mumbai,Jindal Pipes,190,190,27.59,19
P001373,PKG-0342,Compact Bubble Wrap 25mm,Packaging,Chennai,Jindal Pipes,28,28,27.59,4
P001374,PKG-0342,Compact Bubble Wrap 25mm,Packaging,Hyderabad,Jindal Pipes,12,12,27.59,3
P001375,PKG-0342,Compact Bubble Wrap 25mm,Packaging,Kolkata,Jindal Pipes,624,200,27.59,20
P001376,PKG-0342,Compact Bubble Wrap 25mm,Packaging,Delhi,Jindal Pipes,488,300,27.59,30
P001377,PKG-0343,Premium Cardboard Box 2.5mm,Packaging,Hyderabad,Apex Industrial,349,160,339.82,40
P001378,PKG-0343,Premium Cardboard Box 2.5mm,Packaging,Kolkata,Apex Industrial,152,136,339.82,34
P001379,PKG-0343,Premium Cardboard Box 2.5mm,Packaging,Delhi,Apex Industrial,169,130,339.82,26
P001380,PKG-0343,Premium Cardboard Box 2.5mm,Packaging,Chennai,Apex Industrial,112,33,339.82,11
P001381,PKG-0344,Zinc Cardboard Box 2.5mm,Packaging,Delhi,Jindal Pipes,626,240,202.95,24
P001382,PKG-0344,Zinc Cardboard Box 2.5mm,Packaging,Chennai,Jindal Pipes,160,160,202.95,20
P001383,PKG-0344,Zinc Cardboard Box 2.5mm,Packaging,Mumbai,Jindal Pipes,104,104,202.95,13
P001384,PKG-0344,Zinc Cardboard Box 2.5mm,Packaging,Kolkata,Jindal Pipes,180,70,202.95,14
P001385,PKG-0345,Galvanized Bubble Wrap 2.5mm,Packaging,Kolkata,Apex Industrial,105,225,257.58,25
P001386,PKG-0345,Galvanized Bubble Wrap 2.5mm,Packaging,Hyderabad,Apex Industrial,0,91,257.58,13
P001387,PKG-0345,Galvanized Bubble Wrap 2.5mm,Packaging,Delhi,Apex Industrial,114,190,257.58,19
P001388,FAS-0346,Premium Wood Screw M6,Fasteners,Delhi,Tata Steel Traders,46,12,123.87,4
P001389,FAS-0346,Premium Wood Screw M6,Fasteners,Mumbai,Tata Steel Traders,28,8,123.87,1
P001390,FAS-0346,Premium Wood Screw M6,Fasteners,Chennai,Tata Steel Traders,174,60,123.87,6
P001391,PKG-0347,Premium Stretch Film 12mm,Packaging,Mumbai,Jindal Pipes,137,48,277.62,6
P001392,PKG-0347,Premium Stretch Film 12mm,Packaging,Delhi,Jindal Pipes,193,126,277.62,18
P001393,PKG-0347,Premium Stretch Film 12mm,Packaging,Hyderabad,Jindal Pipes,173,90,277.62,15
P001394,PKG-0347,Premium Stretch Film 12mm,Packaging,Kolkata,Jindal Pipes,260,77,277.62,11
P001395,TOL-0348,Premium Drill Bit 25mm,Tools,Mumbai,Mahindra Tools,56,56,70.80,8
P001396,TOL-0348,Premium Drill Bit 25mm,Tools,Delhi,Mahindra Tools,196,84,70.80,12
P001397,TOL-0348,Premium Drill Bit 25mm,Tools,Kolkata,Mahindra Tools,280,80,70.80,10
P001398,TOL-0348,Premium Drill Bit 25mm,Tools,Chennai,Mahindra Tools,42,42,70.80,7
P001399,TOL-0349,Brass Adjustable Spanner 25mm,Tools,Hyderabad,Godrej Safety,181,63,585.91,7
P001400,TOL-0349,Brass Adjustable Spanner 25mm,Tools,Delhi,Godrej Safety,59,49,585.91,7
P001401,TOL-0349,Brass Adjustable Spanner 25mm,Tools,Chennai,Godrej Safety,189,56,585.91,14
P001402,TOL-0349,Brass Adjustable Spanner 25mm,Tools,Kolkata,Godrej Safety,304,105,585.91,21
P001403,TOL-0350,Rubber Hacksaw Blade 2.5mm,Tools,Mumbai,Mahindra Tools,61,30,1720.02,5
P001404,TOL-0350,Rubber Hacksaw Blade 2.5mm,Tools,Chennai,Mahindra Tools,300,88,1720.02,11
P001405,TOL-0350,Rubber Hacksaw Blade 2.5mm,Tools,Delhi,Mahindra Tools,231,160,1720.02,16
P001406,ELE-0351,Galvanized Switch Socket M10,Electrical,Hyderabad,Bharat Hardware,204,156,654.36,39
P001407,ELE-0351,Galvanized Switch Socket M10,Electrical,Delhi,Bharat Hardware,138,85,654.36,17
P001408,ELE-0351,Galvanized Switch Socket M10,Electrical,Chennai,Bharat Hardware,494,126,654.36,14
P001409,SAF-0352,Heavy Duty Reflective Vest M8,Safety,Delhi,Larsen Fittings,109,72,385.24,24
P001410,SAF-0352,Heavy Duty Reflective Vest M8,Safety,Hyderabad,Larsen Fittings,442,360,385.24,40
P001411,SAF-0352,Heavy Duty Reflective Vest M8,Safety,Chennai,Larsen Fittings,378,96,385.24,16
P001412,SAF-0352,Heavy Duty Reflective Vest M8,Safety,Mumbai,Larsen Fittings,117,117,385.24,39
P001413,SAF-0352,Heavy Duty Reflective Vest M8,Safety,Kolkata,Larsen Fittings,1164,320,385.24,40
P001414,PKG-0353,Premium Stretch Film 50mm,Packaging,Chennai,Jindal Pipes,394,203,238.09,29
P001415,PKG-0353,Premium Stretch Film 50mm,Packaging,Kolkata,Jindal Pipes,156,51,238.09,17
P001416,PKG-0353,Premium Stretch Film 50mm,Packaging,Hyderabad,Jindal Pipes,226,154,238.09,22
P001417,PKG-0353,Premium Stretch Film 50mm,Packaging,Mumbai,Jindal Pipes,108,108,238.09,27
P001418,PLU-0354,Zinc Elbow Joint 12mm,Plumbing,Chennai,Sri Lakshmi Supplies,49,49,306.30,7
P001419,PLU-0354,Zinc Elbow Joint 12mm,Plumbing,Hyderabad,Sri Lakshmi Supplies,575,248,306.30,31
P001420,PLU-0354,Zinc Elbow Joint 12mm,Plumbing,Kolkata,Sri Lakshmi Supplies,409,135,306.30,15
P001421,PLU-0354,Zinc Elbow Joint 12mm,Plumbing,Mumbai,Sri Lakshmi Supplies,714,238,306.30,34
P001422,PLU-0354,Zinc Elbow Joint 12mm,Plumbing,Delhi,Sri Lakshmi Supplies,372,222,306.30,37
P001423,TOL-0355,Heavy Duty Hacksaw Blade 1 inch,Tools,Chennai,Godrej Safety,72,72,840.35,24
P001424,TOL-0355,Heavy Duty Hacksaw Blade 1 inch,Tools,Mumbai,Godrej Safety,743,200,840.35,25
P001425,TOL-0355,Heavy Duty Hacksaw Blade 1 inch,Tools,Delhi,Godrej Safety,305,117,840.35,39
P001426,TOL-0355,Heavy Duty Hacksaw Blade 1 inch,Tools,Hyderabad,Godrej Safety,556,168,840.35,28
P001427,TOL-0355,Heavy Duty Hacksaw Blade 1 inch,Tools,Kolkata,Godrej Safety,83,66,840.35,11
P001428,PLU-0356,Zinc PVC Pipe M8,Plumbing,Chennai,Sri Lakshmi Supplies,732,200,394.56,20
P001429,PLU-0356,Zinc PVC Pipe M8,Plumbing,Mumbai,Sri Lakshmi Supplies,19,7,394.56,1
P001430,PLU-0356,Zinc PVC Pipe M8,Plumbing,Kolkata,Sri Lakshmi Supplies,972,380,394.56,38
P001431,PLU-0356,Zinc PVC Pipe M8,Plumbing,Hyderabad,Sri Lakshmi Supplies,491,196,394.56,28
P001432,PLU-0357,Stainless Teflon Tape M10,Plumbing,Mumbai,Kaveri Packaging,65,35,31.97,5
P001433,PLU-0357,Stainless Teflon Tape M10,Plumbing,Delhi,Kaveri Packaging,240,88,31.97,11
P001434,PLU-0357,Stainless Teflon Tape M10,Plumbing,Hyderabad,Kaveri Packaging,128,48,31.97,16
P001435,PLU-0357,Stainless Teflon Tape M10,Plumbing,Kolkata,Kaveri Packaging,89,81,31.97,9
P001436,PLU-0357,Stainless Teflon Tape M10,Plumbing,Chennai,Kaveri Packaging,1173,342,31.97,38
P001437,PKG-0358,Compact Packing Tape 12mm,Packaging,Hyderabad,Jindal Pipes,158,140,299.62,35
P001438,PKG-0358,Compact Packing Tape 12mm,Packaging,Chennai,Jindal Pipes,233,99,299.62,33
P001439,PKG-0358,Compact Packing Tape 12mm,Packaging,Delhi,Jindal Pipes,17,12,299.62,4
P001440,PKG-0358,Compact Packing Tape 12mm,Packaging,Mumbai,Jindal Pipes,529,196,299.62,28
P001441,PKG-0358,Compact Packing Tape 12mm,Packaging,Kolkata,Jindal Pipes,692,228,299.62,38
P001442,SAF-0359,Steel Work Gloves M10,Safety,Delhi,Larsen Fittings,420,210,14.35,35
P001443,SAF-0359,Steel Work Gloves M10,Safety,Kolkata,Larsen Fittings,444,200,14.35,25
P001444,SAF-0359,Steel Work Gloves M10,Safety,Mumbai,Larsen Fittings,96,48,14.35,8
P001445,SAF-0359,Steel Work Gloves M10,Safety,Chennai,Larsen Fittings,402,171,14.35,19
P001446,FAS-0360,Galvanized Anchor Bolt M10,Fasteners,Mumbai,Reliance Industrial,85,69,374.18,23
P001447,FAS-0360,Galvanized Anchor Bolt M10,Fasteners,Kolkata,Reliance Industrial,602,170,374.18,34
P001448,FAS-0360,Galvanized Anchor Bolt M10,Fasteners,Chennai,Reliance Industrial,282,184,374.18,23
P001449,PLU-0361,Rubber Elbow Joint 2.5mm,Plumbing,Hyderabad,Kaveri Packaging,66,28,110.60,4
P001450,PLU-0361,Rubber Elbow Joint 2.5mm,Plumbing,Chennai,Kaveri Packaging,436,180,110.60,18
P001451,PLU-0361,Rubber Elbow Joint 2.5mm,Plumbing,Kolkata,Kaveri Packaging,153,40,110.60,8
P001452,TOL-0362,Rubber Screwdriver Set M6,Tools,Delhi,Mahindra Tools,424,350,720.67,35
P001453,TOL-0362,Rubber Screwdriver Set M6,Tools,Chennai,Mahindra Tools,859,306,720.67,34
P001454,TOL-0362,Rubber Screwdriver Set M6,Tools,Mumbai,Mahindra Tools,106,56,720.67,8
P001455,PLU-0363,Compact Elbow Joint 50mm,Plumbing,Hyderabad,Sri Lakshmi Supplies,219,120,342.44,12
P001456,PLU-0363,Compact Elbow Joint 50mm,Plumbing,Kolkata,Sri Lakshmi Supplies,101,60,342.44,6
P001457,PLU-0363,Compact Elbow Joint 50mm,Plumbing,Delhi,Sri Lakshmi Supplies,417,120,342.44,40
P001458,PLU-0363,Compact Elbow Joint 50mm,Plumbing,Mumbai,Sri Lakshmi Supplies,262,110,342.44,11
P001459,PLU-0363,Compact Elbow Joint 50mm,Plumbing,Chennai,Sri Lakshmi Supplies,157,50,342.44,5
P001460,ELE-0364,Zinc Glass Fuse 1 inch,Electrical,Chennai,Anand Electricals,197,174,231.93,29
P001461,ELE-0364,Zinc Glass Fuse 1 inch,Electrical,Kolkata,Anand Electricals,687,279,231.93,31
P001462,ELE-0364,Zinc Glass Fuse 1 inch,Electrical,Hyderabad,Anand Electricals,246,75,231.93,25
P001463,FAS-0365,Stainless Hex Bolt M8,Fasteners,Hyderabad,Tata Steel Traders,155,48,154.70,8
P001464,FAS-0365,Stainless Hex Bolt M8,Fasteners,Chennai,Tata Steel Traders,321,105,154.70,21
P001465,FAS-0365,Stainless Hex Bolt M8,Fasteners,Kolkata,Tata Steel Traders,87,64,154.70,16
P001466,FAS-0365,Stainless Hex Bolt M8,Fasteners,Mumbai,Tata Steel Traders,107,55,154.70,11
P001467,FAS-0365,Stainless Hex Bolt M8,Fasteners,Delhi,Tata Steel Traders,499,231,154.70,33
P001468,PKG-0366,Stainless Bubble Wrap 1 inch,Packaging,Chennai,Apex Industrial,300,102,216.52,17
P001469,PKG-0366,Stainless Bubble Wrap 1 inch,Packaging,Delhi,Apex Industrial,318,135,216.52,27
P001470,PKG-0366,Stainless Bubble Wrap 1 inch,Packaging,Kolkata,Apex Industrial,219,90,216.52,18
P001471,SAF-0367,Heavy Duty Ear Plug 12mm,Safety,Delhi,Havells Direct,126,126,136.47,14
P001472,SAF-0367,Heavy Duty Ear Plug 12mm,Safety,Hyderabad,Havells Direct,70,30,136.47,5
P001473,SAF-0367,Heavy Duty Ear Plug 12mm,Safety,Kolkata,Havells Direct,639,180,136.47,20
P001474,PLU-0368,Premium Pipe Clamp M6,Plumbing,Chennai,Sri Lakshmi Supplies,216,63,61.17,9
P001475,PLU-0368,Premium Pipe Clamp M6,Plumbing,Kolkata,Sri Lakshmi Supplies,668,288,61.17,36
P001476,PLU-0368,Premium Pipe Clamp M6,Plumbing,Delhi,Sri Lakshmi Supplies,234,117,61.17,39
P001477,ELE-0369,Brass Circuit Breaker 2.5mm,Electrical,Delhi,Anand Electricals,423,126,669.61,21
P001478,ELE-0369,Brass Circuit Breaker 2.5mm,Electrical,Mumbai,Anand Electricals,61,60,669.61,12
P001479,ELE-0369,Brass Circuit Breaker 2.5mm,Electrical,Chennai,Anand Electricals,494,184,669.61,23
P001480,ELE-0369,Brass Circuit Breaker 2.5mm,Electrical,Kolkata,Anand Electricals,393,115,669.61,23
P001481,ELE-0369,Brass Circuit Breaker 2.5mm,Electrical,Hyderabad,Anand Electricals,178,153,669.61,17
P001482,TOL-0370,Stainless Screwdriver Set M10,Tools,Delhi,Mahindra Tools,572,259,325.64,37
P001483,TOL-0370,Stainless Screwdriver Set M10,Tools,Hyderabad,Mahindra Tools,168,84,325.64,12
P001484,TOL-0370,Stainless Screwdriver Set M10,Tools,Kolkata,Mahindra Tools,90,90,325.64,15
P001485,PLU-0371,Heavy Duty Pipe Clamp M8,Plumbing,Delhi,Sri Lakshmi Supplies,70,50,212.02,10
P001486,PLU-0371,Heavy Duty Pipe Clamp M8,Plumbing,Hyderabad,Sri Lakshmi Supplies,12,12,212.02,2
P001487,PLU-0371,Heavy Duty Pipe Clamp M8,Plumbing,Chennai,Sri Lakshmi Supplies,230,63,212.02,21
P001488,PLU-0371,Heavy Duty Pipe Clamp M8,Plumbing,Mumbai,Sri Lakshmi Supplies,98,60,212.02,6
P001489,FAS-0372,Heavy Duty Hex Bolt M6,Fasteners,Chennai,Reliance Industrial,0,35,184.57,5
P001490,FAS-0372,Heavy Duty Hex Bolt M6,Fasteners,Mumbai,Reliance Industrial,0,140,184.57,14
P001491,FAS-0372,Heavy Duty Hex Bolt M6,Fasteners,Kolkata,Reliance Industrial,626,360,184.57,36
P001492,SAF-0373,Heavy Duty Safety Goggles M10,Safety,Mumbai,Larsen Fittings,398,114,386.33,19
P001493,SAF-0373,Heavy Duty Safety Goggles M10,Safety,Chennai,Larsen Fittings,504,140,386.33,35
P001494,SAF-0373,Heavy Duty Safety Goggles M10,Safety,Kolkata,Larsen Fittings,520,200,386.33,40
P001495,PLU-0374,Brass Teflon Tape M6,Plumbing,Kolkata,Sri Lakshmi Supplies,154,44,301.12,11
P001496,PLU-0374,Brass Teflon Tape M6,Plumbing,Mumbai,Sri Lakshmi Supplies,758,192,301.12,32
P001497,PLU-0374,Brass Teflon Tape M6,Plumbing,Hyderabad,Sri Lakshmi Supplies,406,182,301.12,26
P001498,PLU-0374,Brass Teflon Tape M6,Plumbing,Chennai,Sri Lakshmi Supplies,216,150,301.12,15
P001499,FAS-0375,Steel Flat Washer 12mm,Fasteners,Hyderabad,Tata Steel Traders,288,144,199.19,36
P001500,FAS-0375,Steel Flat Washer 12mm,Fasteners,Mumbai,Tata Steel Traders,192,96,199.19,24
P001501,FAS-0375,Steel Flat Washer 12mm,Fasteners,Chennai,Tata Steel Traders,44,90,199.19,15
P001502,PKG-0376,Heavy Duty Cardboard Box 1 inch,Packaging,Chennai,Apex Industrial,204,96,330.62,24
P001503,PKG-0376,Heavy Duty Cardboard Box 1 inch,Packaging,Mumbai,Apex Industrial,32,12,330.62,2
P001504,PKG-0376,Heavy Duty Cardboard Box 1 inch,Packaging,Delhi,Apex Industrial,545,238,330.62,34
P001505,PKG-0376,Heavy Duty Cardboard Box 1 inch,Packaging,Hyderabad,Apex Industrial,93,54,330.62,9
P001506,PLU-0377,Industrial PVC Pipe M8,Plumbing,Hyderabad,Kaveri Packaging,57,310,368.10,31
P001507,PLU-0377,Industrial PVC Pipe M8,Plumbing,Chennai,Kaveri Packaging,11,9,368.10,3
P001508,PLU-0377,Industrial PVC Pipe M8,Plumbing,Kolkata,Kaveri Packaging,126,63,368.10,7
P001509,FAS-0378,Industrial Hex Bolt 12mm,Fasteners,Hyderabad,Reliance Industrial,163,96,316.80,16
P001510,FAS-0378,Industrial Hex Bolt 12mm,Fasteners,Delhi,Reliance Industrial,51,32,316.80,4
P001511,FAS-0378,Industrial Hex Bolt 12mm,Fasteners,Kolkata,Reliance Industrial,337,120,316.80,20
P001512,PLU-0379,Stainless Teflon Tape 50mm,Plumbing,Hyderabad,Sri Lakshmi Supplies,487,140,78.40,35
P001513,PLU-0379,Stainless Teflon Tape 50mm,Plumbing,Mumbai,Sri Lakshmi Supplies,105,105,78.40,15
P001514,PLU-0379,Stainless Teflon Tape 50mm,Plumbing,Kolkata,Sri Lakshmi Supplies,326,189,78.40,21
P001515,PLU-0379,Stainless Teflon Tape 50mm,Plumbing,Delhi,Sri Lakshmi Supplies,84,60,78.40,15
P001516,PLU-0379,Stainless Teflon Tape 50mm,Plumbing,Chennai,Sri Lakshmi Supplies,215,120,78.40,15
P001517,FAS-0380,Compact Wood Screw 12mm,Fasteners,Delhi,Reliance Industrial,283,154,169.95,22
P001518,FAS-0380,Compact Wood Screw 12mm,Fasteners,Hyderabad,Reliance Industrial,270,270,169.95,27
P001519,FAS-0380,Compact Wood Screw 12mm,Fasteners,Mumbai,Reliance Industrial,355,120,169.95,20
P001520,FAS-0380,Compact Wood Screw 12mm,Fasteners,Kolkata,Reliance Industrial,642,225,169.95,25
P001521,SAF-0381,Zinc Reflective Vest M10,Safety,Hyderabad,Larsen Fittings,53,36,376.46,12
P001522,SAF-0381,Zinc Reflective Vest M10,Safety,Chennai,Larsen Fittings,222,222,376.46,37
P001523,SAF-0381,Zinc Reflective Vest M10,Safety,Delhi,Larsen Fittings,174,63,376.46,21
P001524,TOL-0382,Rubber Measuring Tape M10,Tools,Delhi,Godrej Safety,170,85,2020.36,17
P001525,TOL-0382,Rubber Measuring Tape M10,Tools,Mumbai,Godrej Safety,5,6,2020.36,1
P001526,TOL-0382,Rubber Measuring Tape M10,Tools,Chennai,Godrej Safety,9,6,2020.36,2
P001527,TOL-0382,Rubber Measuring Tape M10,Tools,Hyderabad,Godrej Safety,219,256,2020.36,32
P001528,TOL-0382,Rubber Measuring Tape M10,Tools,Kolkata,Godrej Safety,0,288,2020.36,36
P001529,SAF-0383,Premium Work Gloves M10,Safety,Kolkata,Havells Direct,16,8,293.99,2
P001530,SAF-0383,Premium Work Gloves M10,Safety,Hyderabad,Havells Direct,420,240,293.99,24
P001531,SAF-0383,Premium Work Gloves M10,Safety,Delhi,Havells Direct,10,5,293.99,1
P001532,TOL-0384,Industrial Hacksaw Blade M6,Tools,Kolkata,Godrej Safety,213,90,1240.56,10
P001533,TOL-0384,Industrial Hacksaw Blade M6,Tools,Mumbai,Godrej Safety,108,57,1240.56,19
P001534,TOL-0384,Industrial Hacksaw Blade M6,Tools,Delhi,Godrej Safety,248,108,1240.56,36
P001535,PLU-0385,Brass Ball Valve 12mm,Plumbing,Delhi,Kaveri Packaging,248,124,102.15,31
P001536,PLU-0385,Brass Ball Valve 12mm,Plumbing,Mumbai,Kaveri Packaging,285,380,102.15,38
P001537,PLU-0385,Brass Ball Valve 12mm,Plumbing,Hyderabad,Kaveri Packaging,160,80,102.15,10
P001538,PLU-0385,Brass Ball Valve 12mm,Plumbing,Kolkata,Kaveri Packaging,115,108,102.15,18
P001539,PLU-0386,Heavy Duty PVC Pipe M8,Plumbing,Chennai,Sri Lakshmi Supplies,0,91,155.33,13
P001540,PLU-0386,Heavy Duty PVC Pipe M8,Plumbing,Delhi,Sri Lakshmi Supplies,17,32,155.33,4
P001541,PLU-0386,Heavy Duty PVC Pipe M8,Plumbing,Kolkata,Sri Lakshmi Supplies,156,112,155.33,16
P001542,PLU-0386,Heavy Duty PVC Pipe M8,Plumbing,Mumbai,Sri Lakshmi Supplies,540,290,155.33,29
P001543,PLU-0386,Heavy Duty PVC Pipe M8,Plumbing,Hyderabad,Sri Lakshmi Supplies,270,270,155.33,30
P001544,TOL-0387,Steel Screwdriver Set 1 inch,Tools,Kolkata,Godrej Safety,182,91,285.99,13
P001545,TOL-0387,Steel Screwdriver Set 1 inch,Tools,Hyderabad,Godrej Safety,213,310,285.99,31
P001546,TOL-0387,Steel Screwdriver Set 1 inch,Tools,Mumbai,Godrej Safety,15,54,285.99,18
P001547,TOL-0387,Steel Screwdriver Set 1 inch,Tools,Chennai,Godrej Safety,108,54,285.99,6
P001548,TOL-0387,Steel Screwdriver Set 1 inch,Tools,Delhi,Godrej Safety,138,69,285.99,23
P001549,FAS-0388,Rubber Hex Bolt M10,Fasteners,Delhi,Tata Steel Traders,439,144,224.68,36
P001550,FAS-0388,Rubber Hex Bolt M10,Fasteners,Hyderabad,Tata Steel Traders,696,250,224.68,25
P001551,FAS-0388,Rubber Hex Bolt M10,Fasteners,Mumbai,Tata Steel Traders,855,320,224.68,32
P001552,FAS-0388,Rubber Hex Bolt M10,Fasteners,Kolkata,Tata Steel Traders,734,200,224.68,25
P001553,ELE-0389,Zinc Copper Wire 1 inch,Electrical,Chennai,Bharat Hardware,138,90,324.39,18
P001554,ELE-0389,Zinc Copper Wire 1 inch,Electrical,Delhi,Bharat Hardware,453,154,324.39,22
P001555,ELE-0389,Zinc Copper Wire 1 inch,Electrical,Kolkata,Bharat Hardware,200,65,324.39,13
P001556,ELE-0389,Zinc Copper Wire 1 inch,Electrical,Hyderabad,Bharat Hardware,200,133,324.39,19
P001557,PLU-0390,Stainless Water Tap M8,Plumbing,Delhi,Sri Lakshmi Supplies,266,133,158.02,19
P001558,PLU-0390,Stainless Water Tap M8,Plumbing,Mumbai,Sri Lakshmi Supplies,352,198,158.02,22
P001559,PLU-0390,Stainless Water Tap M8,Plumbing,Kolkata,Sri Lakshmi Supplies,267,100,158.02,25
P001560,PLU-0390,Stainless Water Tap M8,Plumbing,Hyderabad,Sri Lakshmi Supplies,80,80,158.02,8
P001561,PLU-0390,Stainless Water Tap M8,Plumbing,Chennai,Sri Lakshmi Supplies,96,68,158.02,17
P001562,PLU-0391,Stainless Water Tap 1 inch,Plumbing,Chennai,Sri Lakshmi Supplies,90,90,270.99,15
P001563,PLU-0391,Stainless Water Tap 1 inch,Plumbing,Mumbai,Sri Lakshmi Supplies,186,93,270.99,31
P001564,PLU-0391,Stainless Water Tap 1 inch,Plumbing,Kolkata,Sri Lakshmi Supplies,181,85,270.99,17
P001565,PLU-0391,Stainless Water Tap 1 inch,Plumbing,Hyderabad,Sri Lakshmi Supplies,240,288,270.99,36
P001566,FAS-0392,Heavy Duty Wood Screw M8,Fasteners,Chennai,Tata Steel Traders,331,234,312.83,26
P001567,FAS-0392,Heavy Duty Wood Screw M8,Fasteners,Mumbai,Tata Steel Traders,499,138,312.83,23
P001568,FAS-0392,Heavy Duty Wood Screw M8,Fasteners,Delhi,Tata Steel Traders,947,261,312.83,29
P001569,ELE-0393,Compact Switch Socket M6,Electrical,Hyderabad,Bharat Hardware,63,63,447.94,9
P001570,ELE-0393,Compact Switch Socket M6,Electrical,Kolkata,Bharat Hardware,30,30,447.94,6
P001571,ELE-0393,Compact Switch Socket M6,Electrical,Delhi,Bharat Hardware,401,180,447.94,30
P001572,ELE-0393,Compact Switch Socket M6,Electrical,Chennai,Bharat Hardware,47,21,447.94,3
P001573,ELE-0393,Compact Switch Socket M6,Electrical,Mumbai,Bharat Hardware,138,120,447.94,24
P001574,PKG-0394,Compact Packing Tape 2.5mm,Packaging,Hyderabad,Apex Industrial,99,99,37.40,33
P001575,PKG-0394,Compact Packing Tape 2.5mm,Packaging,Mumbai,Apex Industrial,114,57,37.40,19
P001576,PKG-0394,Compact Packing Tape 2.5mm,Packaging,Chennai,Apex Industrial,56,56,37.40,14
P001577,PKG-0394,Compact Packing Tape 2.5mm,Packaging,Kolkata,Apex Industrial,175,273,37.40,39
P001578,PKG-0394,Compact Packing Tape 2.5mm,Packaging,Delhi,Apex Industrial,70,66,37.40,11
P001579,FAS-0395,Zinc Flat Washer 25mm,Fasteners,Mumbai,Reliance Industrial,445,156,126.69,26
P001580,FAS-0395,Zinc Flat Washer 25mm,Fasteners,Hyderabad,Reliance Industrial,621,176,126.69,22
P001581,FAS-0395,Zinc Flat Washer 25mm,Fasteners,Delhi,Reliance Industrial,203,84,126.69,28
P001582,SAF-0396,Heavy Duty Safety Helmet 50mm,Safety,Mumbai,Larsen Fittings,290,126,118.91,18
P001583,SAF-0396,Heavy Duty Safety Helmet 50mm,Safety,Chennai,Larsen Fittings,90,44,118.91,11
P001584,SAF-0396,Heavy Duty Safety Helmet 50mm,Safety,Kolkata,Larsen Fittings,21,21,118.91,7
P001585,SAF-0396,Heavy Duty Safety Helmet 50mm,Safety,Delhi,Larsen Fittings,270,270,118.91,27
P001586,SAF-0396,Heavy Duty Safety Helmet 50mm,Safety,Hyderabad,Larsen Fittings,12,6,118.91,2
P001587,FAS-0397,Rubber Hex Bolt 25mm,Fasteners,Delhi,Reliance Industrial,526,140,13.21,20
P001588,FAS-0397,Rubber Hex Bolt 25mm,Fasteners,Mumbai,Reliance Industrial,162,144,13.21,24
P001589,FAS-0397,Rubber Hex Bolt 25mm,Fasteners,Hyderabad,Reliance Industrial,273,200,13.21,40
P001590,TOL-0398,Premium Adjustable Spanner 12mm,Tools,Mumbai,Godrej Safety,108,108,1440.77,27
P001591,TOL-0398,Premium Adjustable Spanner 12mm,Tools,Kolkata,Godrej Safety,291,90,1440.77,15
P001592,TOL-0398,Premium Adjustable Spanner 12mm,Tools,Hyderabad,Godrej Safety,909,273,1440.77,39
P001593,TOL-0398,Premium Adjustable Spanner 12mm,Tools,Chennai,Godrej Safety,72,72,1440.77,24
P001594,TOL-0398,Premium Adjustable Spanner 12mm,Tools,Delhi,Godrej Safety,249,108,1440.77,12
P001595,SAF-0399,Heavy Duty Dust Mask 12mm,Safety,Chennai,Larsen Fittings,277,96,49.36,16
P001596,SAF-0399,Heavy Duty Dust Mask 12mm,Safety,Delhi,Larsen Fittings,310,99,49.36,11
P001597,SAF-0399,Heavy Duty Dust Mask 12mm,Safety,Mumbai,Larsen Fittings,105,45,49.36,9
P001598,SAF-0399,Heavy Duty Dust Mask 12mm,Safety,Hyderabad,Larsen Fittings,164,54,49.36,18
P001599,SAF-0399,Heavy Duty Dust Mask 12mm,Safety,Kolkata,Larsen Fittings,423,144,49.36,24
P001600,TOL-0400,Compact Hacksaw Blade 12mm,Tools,Kolkata,Godrej Safety,734,315,1440.94,35
P001601,TOL-0400,Compact Hacksaw Blade 12mm,Tools,Delhi,Godrej Safety,240,144,1440.94,16
P001602,TOL-0400,Compact Hacksaw Blade 12mm,Tools,Chennai,Godrej Safety,168,81,1440.94,9
P001603,TOL-0400,Compact Hacksaw Blade 12mm,Tools,Mumbai,Godrej Safety,30,30,1440.94,6
P001604,FAS-0401,Stainless Anchor Bolt M6,Fasteners,Hyderabad,Reliance Industrial,589,238,224.62,34
P001605,FAS-0401,Stainless Anchor Bolt M6,Fasteners,Delhi,Reliance Industrial,385,112,224.62,16
P001606,FAS-0401,Stainless Anchor Bolt M6,Fasteners,Chennai,Reliance Industrial,1228,360,224.62,36
P001607,FAS-0401,Stainless Anchor Bolt M6,Fasteners,Mumbai,Reliance Industrial,800,224,224.62,28
P001608,FAS-0401,Stainless Anchor Bolt M6,Fasteners,Kolkata,Reliance Industrial,406,152,224.62,38
P001609,SAF-0402,Industrial Reflective Vest M6,Safety,Chennai,Larsen Fittings,129,150,23.67,15
P001610,SAF-0402,Industrial Reflective Vest M6,Safety,Kolkata,Larsen Fittings,0,9,23.67,1
P001611,SAF-0402,Industrial Reflective Vest M6,Safety,Delhi,Larsen Fittings,270,135,23.67,27
P001612,SAF-0402,Industrial Reflective Vest M6,Safety,Hyderabad,Larsen Fittings,224,112,23.67,28
P001613,SAF-0402,Industrial Reflective Vest M6,Safety,Mumbai,Larsen Fittings,307,200,23.67,40
P001614,PKG-0403,Rubber Label Roll 12mm,Packaging,Mumbai,Jindal Pipes,389,168,180.51,21
P001615,PKG-0403,Rubber Label Roll 12mm,Packaging,Kolkata,Jindal Pipes,132,126,180.51,14
P001616,PKG-0403,Rubber Label Roll 12mm,Packaging,Delhi,Jindal Pipes,433,180,180.51,18
P001617,PKG-0403,Rubber Label Roll 12mm,Packaging,Hyderabad,Jindal Pipes,230,108,180.51,18
P001618,PKG-0403,Rubber Label Roll 12mm,Packaging,Chennai,Jindal Pipes,58,40,180.51,4
P001619,ELE-0404,Industrial Switch Socket 1 inch,Electrical,Delhi,Anand Electricals,110,63,36.35,21
P001620,ELE-0404,Industrial Switch Socket 1 inch,Electrical,Hyderabad,Anand Electricals,324,182,36.35,26
P001621,ELE-0404,Industrial Switch Socket 1 inch,Electrical,Mumbai,Anand Electricals,160,80,36.35,8
P001622,ELE-0404,Industrial Switch Socket 1 inch,Electrical,Chennai,Anand Electricals,171,145,36.35,29
P001623,ELE-0404,Industrial Switch Socket 1 inch,Electrical,Kolkata,Anand Electricals,15,144,36.35,36
P001624,SAF-0405,Compact Reflective Vest M8,Safety,Mumbai,Larsen Fittings,23,7,70.37,1
P001625,SAF-0405,Compact Reflective Vest M8,Safety,Hyderabad,Larsen Fittings,444,216,70.37,36
P001626,SAF-0405,Compact Reflective Vest M8,Safety,Chennai,Larsen Fittings,28,24,70.37,6
P001627,FAS-0406,Steel Flat Washer 2.5mm,Fasteners,Mumbai,Tata Steel Traders,10,5,214.25,1
P001628,FAS-0406,Steel Flat Washer 2.5mm,Fasteners,Hyderabad,Tata Steel Traders,71,42,214.25,7
P001629,FAS-0406,Steel Flat Washer 2.5mm,Fasteners,Kolkata,Tata Steel Traders,74,33,214.25,11
P001630,PLU-0407,Compact Elbow Joint 1 inch,Plumbing,Mumbai,Kaveri Packaging,385,120,305.17,20
P001631,PLU-0407,Compact Elbow Joint 1 inch,Plumbing,Kolkata,Kaveri Packaging,16,16,305.17,2
P001632,PLU-0407,Compact Elbow Joint 1 inch,Plumbing,Delhi,Kaveri Packaging,145,145,305.17,29
P001633,PLU-0407,Compact Elbow Joint 1 inch,Plumbing,Hyderabad,Kaveri Packaging,56,28,305.17,4
P001634,PLU-0407,Compact Elbow Joint 1 inch,Plumbing,Chennai,Kaveri Packaging,675,230,305.17,23
P001635,ELE-0408,Compact Circuit Breaker 1 inch,Electrical,Delhi,Anand Electricals,739,340,666.47,34
P001636,ELE-0408,Compact Circuit Breaker 1 inch,Electrical,Kolkata,Anand Electricals,192,150,666.47,15
P001637,ELE-0408,Compact Circuit Breaker 1 inch,Electrical,Hyderabad,Anand Electricals,240,240,666.47,24
P001638,ELE-0408,Compact Circuit Breaker 1 inch,Electrical,Mumbai,Anand Electricals,84,42,666.47,14
P001639,ELE-0408,Compact Circuit Breaker 1 inch,Electrical,Chennai,Anand Electricals,717,203,666.47,29
P001640,TOL-0409,Galvanized Measuring Tape 1 inch,Tools,Hyderabad,Mahindra Tools,206,150,2035.48,15
P001641,TOL-0409,Galvanized Measuring Tape 1 inch,Tools,Mumbai,Mahindra Tools,119,88,2035.48,11
P001642,TOL-0409,Galvanized Measuring Tape 1 inch,Tools,Chennai,Mahindra Tools,258,154,2035.48,22
P001643,TOL-0409,Galvanized Measuring Tape 1 inch,Tools,Kolkata,Mahindra Tools,147,108,2035.48,36
P001644,PKG-0410,Brass Cardboard Box 2.5mm,Packaging,Delhi,Jindal Pipes,312,231,393.65,33
P001645,PKG-0410,Brass Cardboard Box 2.5mm,Packaging,Hyderabad,Jindal Pipes,112,112,393.65,14
P001646,PKG-0410,Brass Cardboard Box 2.5mm,Packaging,Kolkata,Jindal Pipes,73,32,393.65,8
P001647,FAS-0411,Industrial Flat Washer 50mm,Fasteners,Chennai,Tata Steel Traders,89,80,140.22,20
P001648,FAS-0411,Industrial Flat Washer 50mm,Fasteners,Delhi,Tata Steel Traders,170,85,140.22,17
P001649,FAS-0411,Industrial Flat Washer 50mm,Fasteners,Hyderabad,Tata Steel Traders,31,182,140.22,26
P001650,FAS-0411,Industrial Flat Washer 50mm,Fasteners,Kolkata,Tata Steel Traders,4,36,140.22,4
P001651,FAS-0412,Steel Rivet 1 inch,Fasteners,Chennai,Reliance Industrial,141,130,155.87,26
P001652,FAS-0412,Steel Rivet 1 inch,Fasteners,Mumbai,Reliance Industrial,459,133,155.87,19
P001653,FAS-0412,Steel Rivet 1 inch,Fasteners,Delhi,Reliance Industrial,210,210,155.87,35
P001654,FAS-0412,Steel Rivet 1 inch,Fasteners,Kolkata,Reliance Industrial,33,12,155.87,3
P001655,PLU-0413,Galvanized Elbow Joint 2.5mm,Plumbing,Delhi,Sri Lakshmi Supplies,173,99,88.49,33
P001656,PLU-0413,Galvanized Elbow Joint 2.5mm,Plumbing,Hyderabad,Sri Lakshmi Supplies,50,50,88.49,10
P001657,PLU-0413,Galvanized Elbow Joint 2.5mm,Plumbing,Kolkata,Sri Lakshmi Supplies,572,264,88.49,33
P001658,FAS-0414,Rubber Anchor Bolt 2.5mm,Fasteners,Chennai,Reliance Industrial,303,128,343.30,32
P001659,FAS-0414,Rubber Anchor Bolt 2.5mm,Fasteners,Delhi,Reliance Industrial,523,153,343.30,17
P001660,FAS-0414,Rubber Anchor Bolt 2.5mm,Fasteners,Kolkata,Reliance Industrial,152,63,343.30,9
P001661,FAS-0414,Rubber Anchor Bolt 2.5mm,Fasteners,Mumbai,Reliance Industrial,555,184,343.30,23
P001662,FAS-0414,Rubber Anchor Bolt 2.5mm,Fasteners,Hyderabad,Reliance Industrial,102,36,343.30,6
P001663,PLU-0415,Rubber Water Tap 2.5mm,Plumbing,Mumbai,Kaveri Packaging,373,136,87.10,34
P001664,PLU-0415,Rubber Water Tap 2.5mm,Plumbing,Hyderabad,Kaveri Packaging,798,270,87.10,27
P001665,PLU-0415,Rubber Water Tap 2.5mm,Plumbing,Chennai,Kaveri Packaging,641,168,87.10,24
P001666,PLU-0415,Rubber Water Tap 2.5mm,Plumbing,Delhi,Kaveri Packaging,175,160,87.10,32
P001667,PLU-0416,Steel Elbow Joint 12mm,Plumbing,Mumbai,Kaveri Packaging,261,261,56.18,29
P001668,PLU-0416,Steel Elbow Joint 12mm,Plumbing,Hyderabad,Kaveri Packaging,120,60,56.18,12
P001669,PLU-0416,Steel Elbow Joint 12mm,Plumbing,Chennai,Kaveri Packaging,850,245,56.18,35
P001670,ELE-0417,Rubber Switch Socket M10,Electrical,Hyderabad,Anand Electricals,58,132,1179.68,22
P001671,ELE-0417,Rubber Switch Socket M10,Electrical,Chennai,Anand Electricals,247,192,1179.68,24
P001672,ELE-0417,Rubber Switch Socket M10,Electrical,Mumbai,Anand Electricals,24,12,1179.68,3
P001673,ELE-0417,Rubber Switch Socket M10,Electrical,Delhi,Anand Electricals,107,108,1179.68,12
P001674,ELE-0417,Rubber Switch Socket M10,Electrical,Kolkata,Anand Electricals,486,243,1179.68,27
P001675,SAF-0418,Rubber Ear Plug 1 inch,Safety,Hyderabad,Havells Direct,221,78,148.70,26
P001676,SAF-0418,Rubber Ear Plug 1 inch,Safety,Mumbai,Havells Direct,96,96,148.70,32
P001677,SAF-0418,Rubber Ear Plug 1 inch,Safety,Delhi,Havells Direct,90,90,148.70,18
P001678,SAF-0418,Rubber Ear Plug 1 inch,Safety,Chennai,Havells Direct,352,144,148.70,16
P001679,FAS-0419,Zinc Hex Bolt M6,Fasteners,Delhi,Tata Steel Traders,18,9,205.52,1
P001680,FAS-0419,Zinc Hex Bolt M6,Fasteners,Chennai,Tata Steel Traders,31,27,205.52,3
P001681,FAS-0419,Zinc Hex Bolt M6,Fasteners,Mumbai,Tata Steel Traders,24,12,205.52,3
P001682,FAS-0419,Zinc Hex Bolt M6,Fasteners,Hyderabad,Tata Steel Traders,82,126,205.52,18
P001683,ELE-0420,Galvanized Cable Tie M6,Electrical,Kolkata,Bharat Hardware,751,234,555.39,26
P001684,ELE-0420,Galvanized Cable Tie M6,Electrical,Mumbai,Bharat Hardware,501,190,555.39,19
P001685,ELE-0420,Galvanized Cable Tie M6,Electrical,Hyderabad,Bharat Hardware,250,72,555.39,12
P001686,SAF-0421,Brass Work Gloves 1 inch,Safety,Kolkata,Larsen Fittings,162,90,35.59,15
P001687,SAF-0421,Brass Work Gloves 1 inch,Safety,Chennai,Larsen Fittings,30,12,35.59,2
P001688,SAF-0421,Brass Work Gloves 1 inch,Safety,Hyderabad,Larsen Fittings,749,238,35.59,34
P001689,FAS-0422,Compact Wood Screw 1 inch,Fasteners,Delhi,Reliance Industrial,519,290,356.91,29
P001690,FAS-0422,Compact Wood Screw 1 inch,Fasteners,Kolkata,Reliance Industrial,408,110,356.91,11
P001691,FAS-0422,Compact Wood Screw 1 inch,Fasteners,Hyderabad,Reliance Industrial,279,279,356.91,31
P001692,FAS-0422,Compact Wood Screw 1 inch,Fasteners,Chennai,Reliance Industrial,414,130,356.91,13
P001693,PKG-0423,Brass Pallet Strap 12mm,Packaging,Mumbai,Apex Industrial,1213,360,394.07,40
P001694,PKG-0423,Brass Pallet Strap 12mm,Packaging,Hyderabad,Apex Industrial,342,90,394.07,18
P001695,PKG-0423,Brass Pallet Strap 12mm,Packaging,Delhi,Apex Industrial,204,60,394.07,6
P001696,PKG-0423,Brass Pallet Strap 12mm,Packaging,Chennai,Apex Industrial,137,49,394.07,7
P001697,PKG-0423,Brass Pallet Strap 12mm,Packaging,Kolkata,Apex Industrial,22,9,394.07,1
P001698,PLU-0424,Brass Ball Valve 1 inch,Plumbing,Delhi,Kaveri Packaging,284,78,362.66,13
P001699,PLU-0424,Brass Ball Valve 1 inch,Plumbing,Hyderabad,Kaveri Packaging,164,124,362.66,31
P001700,PLU-0424,Brass Ball Valve 1 inch,Plumbing,Chennai,Kaveri Packaging,269,180,362.66,30
P001701,PLU-0424,Brass Ball Valve 1 inch,Plumbing,Mumbai,Kaveri Packaging,47,24,362.66,3
P001702,PLU-0425,Steel Water Tap M6,Plumbing,Kolkata,Kaveri Packaging,136,72,398.60,12
P001703,PLU-0425,Steel Water Tap M6,Plumbing,Mumbai,Kaveri Packaging,49,49,398.60,7
P001704,PLU-0425,Steel Water Tap M6,Plumbing,Hyderabad,Kaveri Packaging,529,230,398.60,23
P001705,PLU-0425,Steel Water Tap M6,Plumbing,Chennai,Kaveri Packaging,114,48,398.60,12
P001706,PLU-0425,Steel Water Tap M6,Plumbing,Delhi,Kaveri Packaging,124,70,398.60,7
P001707,FAS-0426,Brass Flat Washer M8,Fasteners,Mumbai,Tata Steel Traders,312,168,145.35,21
P001708,FAS-0426,Brass Flat Washer M8,Fasteners,Kolkata,Tata Steel Traders,150,75,145.35,25
P001709,FAS-0426,Brass Flat Washer M8,Fasteners,Hyderabad,Tata Steel Traders,100,156,145.35,39
P001710,FAS-0426,Brass Flat Washer M8,Fasteners,Delhi,Tata Steel Traders,121,168,145.35,21
P001711,PKG-0427,Brass Cardboard Box M6,Packaging,Kolkata,Jindal Pipes,295,112,178.89,28
P001712,PKG-0427,Brass Cardboard Box M6,Packaging,Chennai,Jindal Pipes,12,12,178.89,2
P001713,PKG-0427,Brass Cardboard Box M6,Packaging,Mumbai,Jindal Pipes,739,190,178.89,38
P001714,PKG-0427,Brass Cardboard Box M6,Packaging,Delhi,Jindal Pipes,121,60,178.89,6
P001715,PKG-0427,Brass Cardboard Box M6,Packaging,Hyderabad,Jindal Pipes,261,144,178.89,36
P001716,ELE-0428,Brass Copper Wire 1 inch,Electrical,Mumbai,Anand Electricals,443,192,717.12,32
P001717,ELE-0428,Brass Copper Wire 1 inch,Electrical,Kolkata,Anand Electricals,14,12,717.12,2
P001718,ELE-0428,Brass Copper Wire 1 inch,Electrical,Chennai,Anand Electricals,258,105,717.12,15
P001719,ELE-0428,Brass Copper Wire 1 inch,Electrical,Hyderabad,Anand Electricals,224,198,717.12,33
P001720,FAS-0429,Galvanized Wood Screw 25mm,Fasteners,Chennai,Reliance Industrial,506,216,405.43,36
P001721,FAS-0429,Galvanized Wood Screw 25mm,Fasteners,Hyderabad,Reliance Industrial,268,108,405.43,36
P001722,FAS-0429,Galvanized Wood Screw 25mm,Fasteners,Delhi,Reliance Industrial,163,111,405.43,37
P001723,FAS-0429,Galvanized Wood Screw 25mm,Fasteners,Kolkata,Reliance Industrial,124,124,405.43,31
P001724,FAS-0429,Galvanized Wood Screw 25mm,Fasteners,Mumbai,Reliance Industrial,147,147,405.43,21
P001725,FAS-0430,Rubber Wood Screw 2.5mm,Fasteners,Chennai,Tata Steel Traders,80,24,375.10,6
P001726,FAS-0430,Rubber Wood Screw 2.5mm,Fasteners,Kolkata,Tata Steel Traders,430,148,375.10,37
P001727,FAS-0430,Rubber Wood Screw 2.5mm,Fasteners,Mumbai,Tata Steel Traders,96,33,375.10,11
P001728,FAS-0430,Rubber Wood Screw 2.5mm,Fasteners,Hyderabad,Tata Steel Traders,127,35,375.10,7
P001729,PKG-0431,Compact Stretch Film 2.5mm,Packaging,Hyderabad,Apex Industrial,200,170,225.52,34
P001730,PKG-0431,Compact Stretch Film 2.5mm,Packaging,Kolkata,Apex Industrial,137,70,225.52,7
P001731,PKG-0431,Compact Stretch Film 2.5mm,Packaging,Chennai,Apex Industrial,105,27,225.52,9
P001732,PKG-0431,Compact Stretch Film 2.5mm,Packaging,Delhi,Apex Industrial,875,225,225.52,25
P001733,PKG-0431,Compact Stretch Film 2.5mm,Packaging,Mumbai,Apex Industrial,307,144,225.52,18
P001734,ELE-0432,Industrial LED Bulb 12mm,Electrical,Chennai,Anand Electricals,188,81,975.73,9
P001735,ELE-0432,Industrial LED Bulb 12mm,Electrical,Mumbai,Anand Electricals,147,138,975.73,23
P001736,ELE-0432,Industrial LED Bulb 12mm,Electrical,Hyderabad,Anand Electricals,323,81,975.73,27
P001737,ELE-0432,Industrial LED Bulb 12mm,Electrical,Kolkata,Anand Electricals,238,153,975.73,17
P001738,PKG-0433,Compact Packing Tape 1 inch,Packaging,Hyderabad,Apex Industrial,77,77,93.86,11
P001739,PKG-0433,Compact Packing Tape 1 inch,Packaging,Kolkata,Apex Industrial,64,32,93.86,8
P001740,PKG-0433,Compact Packing Tape 1 inch,Packaging,Chennai,Apex Industrial,220,290,93.86,29
P001741,PKG-0433,Compact Packing Tape 1 inch,Packaging,Delhi,Apex Industrial,256,128,93.86,16
P001742,PKG-0433,Compact Packing Tape 1 inch,Packaging,Mumbai,Apex Industrial,155,273,93.86,39
P001743,FAS-0434,Galvanized Flat Washer 25mm,Fasteners,Chennai,Reliance Industrial,136,136,357.52,34
P001744,FAS-0434,Galvanized Flat Washer 25mm,Fasteners,Hyderabad,Reliance Industrial,393,150,357.52,25
P001745,FAS-0434,Galvanized Flat Washer 25mm,Fasteners,Delhi,Reliance Industrial,766,224,357.52,32
P001746,ELE-0435,Brass Switch Socket 1 inch,Electrical,Hyderabad,Bharat Hardware,83,78,522.10,26
P001747,ELE-0435,Brass Switch Socket 1 inch,Electrical,Delhi,Bharat Hardware,440,125,522.10,25
P001748,ELE-0435,Brass Switch Socket 1 inch,Electrical,Kolkata,Bharat Hardware,148,96,522.10,16
P001749,ELE-0435,Brass Switch Socket 1 inch,Electrical,Mumbai,Bharat Hardware,656,190,522.10,19
P001750,ELE-0435,Brass Switch Socket 1 inch,Electrical,Chennai,Bharat Hardware,361,140,522.10,20
P001751,PLU-0436,Premium Pipe Clamp 1 inch,Plumbing,Kolkata,Sri Lakshmi Supplies,116,84,130.43,21
P001752,PLU-0436,Premium Pipe Clamp 1 inch,Plumbing,Chennai,Sri Lakshmi Supplies,64,30,130.43,3
P001753,PLU-0436,Premium Pipe Clamp 1 inch,Plumbing,Delhi,Sri Lakshmi Supplies,252,120,130.43,24
P001754,PLU-0436,Premium Pipe Clamp 1 inch,Plumbing,Hyderabad,Sri Lakshmi Supplies,318,93,130.43,31
P001755,TOL-0437,Rubber Hacksaw Blade M8,Tools,Kolkata,Mahindra Tools,566,147,140.66,21
P001756,TOL-0437,Rubber Hacksaw Blade M8,Tools,Delhi,Mahindra Tools,521,224,140.66,32
P001757,TOL-0437,Rubber Hacksaw Blade M8,Tools,Mumbai,Mahindra Tools,637,198,140.66,33
P001758,TOL-0437,Rubber Hacksaw Blade M8,Tools,Hyderabad,Mahindra Tools,12,12,140.66,4
P001759,TOL-0437,Rubber Hacksaw Blade M8,Tools,Chennai,Mahindra Tools,9,3,140.66,1
P001760,ELE-0438,Galvanized Circuit Breaker 2.5mm,Electrical,Mumbai,Anand Electricals,244,112,207.89,16
P001761,ELE-0438,Galvanized Circuit Breaker 2.5mm,Electrical,Hyderabad,Anand Electricals,219,65,207.89,13
P001762,ELE-0438,Galvanized Circuit Breaker 2.5mm,Electrical,Chennai,Anand Electricals,605,203,207.89,29
P001763,PLU-0439,Premium Pipe Clamp 25mm,Plumbing,Kolkata,Sri Lakshmi Supplies,307,84,219.70,28
P001764,PLU-0439,Premium Pipe Clamp 25mm,Plumbing,Delhi,Sri Lakshmi Supplies,66,66,219.70,22
P001765,PLU-0439,Premium Pipe Clamp 25mm,Plumbing,Mumbai,Sri Lakshmi Supplies,293,90,219.70,18
P001766,PLU-0439,Premium Pipe Clamp 25mm,Plumbing,Chennai,Sri Lakshmi Supplies,90,90,219.70,15
P001767,SAF-0440,Steel Work Gloves 25mm,Safety,Delhi,Havells Direct,156,64,39.25,8
P001768,SAF-0440,Steel Work Gloves 25mm,Safety,Kolkata,Havells Direct,448,180,39.25,18
P001769,SAF-0440,Steel Work Gloves 25mm,Safety,Hyderabad,Havells Direct,527,180,39.25,20
P001770,SAF-0440,Steel Work Gloves 25mm,Safety,Mumbai,Havells Direct,265,180,39.25,20
P001771,ELE-0441,Heavy Duty Glass Fuse 1 inch,Electrical,Delhi,Anand Electricals,268,152,870.68,38
P001772,ELE-0441,Heavy Duty Glass Fuse 1 inch,Electrical,Hyderabad,Anand Electricals,104,48,870.68,12
P001773,ELE-0441,Heavy Duty Glass Fuse 1 inch,Electrical,Chennai,Anand Electricals,55,55,870.68,11
P001774,ELE-0442,Brass Copper Wire M10,Electrical,Kolkata,Anand Electricals,286,75,450.47,25
P001775,ELE-0442,Brass Copper Wire M10,Electrical,Delhi,Anand Electricals,22,6,450.47,2
P001776,ELE-0442,Brass Copper Wire M10,Electrical,Mumbai,Anand Electricals,381,96,450.47,24
P001777,PLU-0443,Industrial Elbow Joint M10,Plumbing,Chennai,Sri Lakshmi Supplies,10,9,185.78,3
P001778,PLU-0443,Industrial Elbow Joint M10,Plumbing,Kolkata,Sri Lakshmi Supplies,175,250,185.78,25
P001779,PLU-0443,Industrial Elbow Joint M10,Plumbing,Mumbai,Sri Lakshmi Supplies,220,152,185.78,38
P001780,PLU-0443,Industrial Elbow Joint M10,Plumbing,Hyderabad,Sri Lakshmi Supplies,57,36,185.78,6
P001781,PKG-0444,Heavy Duty Packing Tape 2.5mm,Packaging,Mumbai,Apex Industrial,747,296,59.16,37
P001782,PKG-0444,Heavy Duty Packing Tape 2.5mm,Packaging,Delhi,Apex Industrial,400,200,59.16,20
P001783,PKG-0444,Heavy Duty Packing Tape 2.5mm,Packaging,Kolkata,Apex Industrial,378,152,59.16,19
P001784,PKG-0444,Heavy Duty Packing Tape 2.5mm,Packaging,Hyderabad,Apex Industrial,314,128,59.16,32
P001785,PKG-0444,Heavy Duty Packing Tape 2.5mm,Packaging,Chennai,Apex Industrial,107,35,59.16,5
P001786,PKG-0445,Stainless Cardboard Box 12mm,Packaging,Hyderabad,Apex Industrial,366,280,394.52,35
P001787,PKG-0445,Stainless Cardboard Box 12mm,Packaging,Mumbai,Apex Industrial,1,30,394.52,5
P001788,PKG-0445,Stainless Cardboard Box 12mm,Packaging,Kolkata,Apex Industrial,0,42,394.52,6
P001789,PKG-0445,Stainless Cardboard Box 12mm,Packaging,Delhi,Apex Industrial,28,49,394.52,7
P001790,TOL-0446,Steel Measuring Tape M10,Tools,Chennai,Mahindra Tools,21,51,1505.91,17
P001791,TOL-0446,Steel Measuring Tape M10,Tools,Hyderabad,Mahindra Tools,120,60,1505.91,6
P001792,TOL-0446,Steel Measuring Tape M10,Tools,Mumbai,Mahindra Tools,65,40,1505.91,8
P001793,PKG-0447,Steel Label Roll 50mm,Packaging,Chennai,Jindal Pipes,666,280,115.69,40
P001794,PKG-0447,Steel Label Roll 50mm,Packaging,Mumbai,Jindal Pipes,76,32,115.69,8
P001795,PKG-0447,Steel Label Roll 50mm,Packaging,Delhi,Jindal Pipes,206,54,115.69,9
P001796,PKG-0447,Steel Label Roll 50mm,Packaging,Kolkata,Jindal Pipes,171,100,115.69,25
P001797,PKG-0447,Steel Label Roll 50mm,Packaging,Hyderabad,Jindal Pipes,558,147,115.69,21
P001798,FAS-0448,Steel Flat Washer M6,Fasteners,Kolkata,Tata Steel Traders,597,161,294.84,23
P001799,FAS-0448,Steel Flat Washer M6,Fasteners,Chennai,Tata Steel Traders,144,144,294.84,16
P001800,FAS-0448,Steel Flat Washer M6,Fasteners,Delhi,Tata Steel Traders,1099,300,294.84,30
P001801,PLU-0449,Heavy Duty Water Tap 50mm,Plumbing,Mumbai,Kaveri Packaging,84,42,150.52,6
P001802,PLU-0449,Heavy Duty Water Tap 50mm,Plumbing,Kolkata,Kaveri Packaging,236,60,150.52,20
P001803,PLU-0449,Heavy Duty Water Tap 50mm,Plumbing,Chennai,Kaveri Packaging,168,168,150.52,28
P001804,PLU-0449,Heavy Duty Water Tap 50mm,Plumbing,Hyderabad,Kaveri Packaging,161,80,150.52,16
P001805,PLU-0449,Heavy Duty Water Tap 50mm,Plumbing,Delhi,Kaveri Packaging,535,256,150.52,32
P001806,SAF-0450,Rubber Work Gloves 2.5mm,Safety,Mumbai,Larsen Fittings,366,175,259.38,35
P001807,SAF-0450,Rubber Work Gloves 2.5mm,Safety,Hyderabad,Larsen Fittings,366,117,259.38,39
P001808,SAF-0450,Rubber Work Gloves 2.5mm,Safety,Delhi,Larsen Fittings,170,60,259.38,12
P001809,SAF-0450,Rubber Work Gloves 2.5mm,Safety,Chennai,Larsen Fittings,342,153,259.38,17
P001810,SAF-0450,Rubber Work Gloves 2.5mm,Safety,Kolkata,Larsen Fittings,105,40,259.38,5
P001811,PKG-0451,Galvanized Bubble Wrap M6,Packaging,Kolkata,Apex Industrial,621,290,272.03,29
P001812,PKG-0451,Galvanized Bubble Wrap M6,Packaging,Mumbai,Apex Industrial,154,90,272.03,15
P001813,PKG-0451,Galvanized Bubble Wrap M6,Packaging,Delhi,Apex Industrial,739,240,272.03,30
P001814,PKG-0451,Galvanized Bubble Wrap M6,Packaging,Chennai,Apex Industrial,12,12,272.03,2
P001815,PKG-0451,Galvanized Bubble Wrap M6,Packaging,Hyderabad,Apex Industrial,175,175,272.03,35
P001816,FAS-0452,Heavy Duty Hex Nut 25mm,Fasteners,Hyderabad,Reliance Industrial,228,228,233.63,38
P001817,FAS-0452,Heavy Duty Hex Nut 25mm,Fasteners,Kolkata,Reliance Industrial,121,50,233.63,10
P001818,FAS-0452,Heavy Duty Hex Nut 25mm,Fasteners,Delhi,Reliance Industrial,112,56,233.63,7
P001819,FAS-0452,Heavy Duty Hex Nut 25mm,Fasteners,Chennai,Reliance Industrial,261,92,233.63,23
P001820,TOL-0453,Industrial Adjustable Spanner 50mm,Tools,Delhi,Godrej Safety,864,252,1575.19,36
P001821,TOL-0453,Industrial Adjustable Spanner 50mm,Tools,Hyderabad,Godrej Safety,50,20,1575.19,5
P001822,TOL-0453,Industrial Adjustable Spanner 50mm,Tools,Chennai,Godrej Safety,614,330,1575.19,33
P001823,TOL-0453,Industrial Adjustable Spanner 50mm,Tools,Kolkata,Godrej Safety,275,110,1575.19,22
P001824,TOL-0454,Compact Adjustable Spanner 12mm,Tools,Delhi,Godrej Safety,330,140,1560.12,35
P001825,TOL-0454,Compact Adjustable Spanner 12mm,Tools,Kolkata,Godrej Safety,105,105,1560.12,15
P001826,TOL-0454,Compact Adjustable Spanner 12mm,Tools,Hyderabad,Godrej Safety,430,228,1560.12,38
P001827,TOL-0454,Compact Adjustable Spanner 12mm,Tools,Chennai,Godrej Safety,128,128,1560.12,32
P001828,TOL-0454,Compact Adjustable Spanner 12mm,Tools,Mumbai,Godrej Safety,513,320,1560.12,32
P001829,PLU-0455,Premium Water Tap 25mm,Plumbing,Hyderabad,Sri Lakshmi Supplies,4,3,69.90,1
P001830,PLU-0455,Premium Water Tap 25mm,Plumbing,Delhi,Sri Lakshmi Supplies,120,75,69.90,25
P001831,PLU-0455,Premium Water Tap 25mm,Plumbing,Mumbai,Sri Lakshmi Supplies,640,310,69.90,31
P001832,PLU-0455,Premium Water Tap 25mm,Plumbing,Chennai,Sri Lakshmi Supplies,274,140,69.90,20
P001833,SAF-0456,Heavy Duty Ear Plug 2.5mm,Safety,Kolkata,Larsen Fittings,576,288,273.49,36
P001834,SAF-0456,Heavy Duty Ear Plug 2.5mm,Safety,Mumbai,Larsen Fittings,51,270,273.49,27
P001835,SAF-0456,Heavy Duty Ear Plug 2.5mm,Safety,Delhi,Larsen Fittings,0,15,273.49,3
P001836,SAF-0456,Heavy Duty Ear Plug 2.5mm,Safety,Chennai,Larsen Fittings,112,56,273.49,7
P001837,SAF-0456,Heavy Duty Ear Plug 2.5mm,Safety,Hyderabad,Larsen Fittings,208,208,273.49,26
P001838,TOL-0457,Rubber Drill Bit M8,Tools,Hyderabad,Mahindra Tools,260,84,910.16,12
P001839,TOL-0457,Rubber Drill Bit M8,Tools,Kolkata,Mahindra Tools,15,15,910.16,3
P001840,TOL-0457,Rubber Drill Bit M8,Tools,Chennai,Mahindra Tools,140,140,910.16,28
P001841,TOL-0457,Rubber Drill Bit M8,Tools,Mumbai,Mahindra Tools,325,136,910.16,34
P001842,TOL-0458,Industrial Measuring Tape 25mm,Tools,Hyderabad,Mahindra Tools,815,210,885.80,30
P001843,TOL-0458,Industrial Measuring Tape 25mm,Tools,Chennai,Mahindra Tools,134,85,885.80,17
P001844,TOL-0458,Industrial Measuring Tape 25mm,Tools,Kolkata,Mahindra Tools,218,90,885.80,18
P001845,TOL-0458,Industrial Measuring Tape 25mm,Tools,Delhi,Mahindra Tools,306,156,885.80,26
P001846,TOL-0458,Industrial Measuring Tape 25mm,Tools,Mumbai,Mahindra Tools,928,310,885.80,31
P001847,SAF-0459,Heavy Duty Dust Mask 2.5mm,Safety,Chennai,Larsen Fittings,49,132,384.98,33
P001848,SAF-0459,Heavy Duty Dust Mask 2.5mm,Safety,Kolkata,Larsen Fittings,274,190,384.98,19
P001849,SAF-0459,Heavy Duty Dust Mask 2.5mm,Safety,Hyderabad,Larsen Fittings,36,18,384.98,2
P001850,SAF-0460,Heavy Duty Reflective Vest 25mm,Safety,Kolkata,Havells Direct,210,148,219.01,37
P001851,SAF-0460,Heavy Duty Reflective Vest 25mm,Safety,Hyderabad,Havells Direct,22,78,219.01,13
P001852,SAF-0460,Heavy Duty Reflective Vest 25mm,Safety,Delhi,Havells Direct,320,160,219.01,20
P001853,FAS-0461,Premium Rivet 1 inch,Fasteners,Chennai,Reliance Industrial,482,210,282.27,35
P001854,FAS-0461,Premium Rivet 1 inch,Fasteners,Delhi,Reliance Industrial,112,102,282.27,34
P001855,FAS-0461,Premium Rivet 1 inch,Fasteners,Hyderabad,Reliance Industrial,96,24,282.27,3
P001856,FAS-0461,Premium Rivet 1 inch,Fasteners,Kolkata,Reliance Industrial,198,55,282.27,11
P001857,FAS-0462,Brass Wood Screw M6,Fasteners,Kolkata,Reliance Industrial,495,200,41.13,25
P001858,FAS-0462,Brass Wood Screw M6,Fasteners,Hyderabad,Reliance Industrial,168,168,41.13,24
P001859,FAS-0462,Brass Wood Screw M6,Fasteners,Chennai,Reliance Industrial,277,120,41.13,12
P001860,FAS-0462,Brass Wood Screw M6,Fasteners,Mumbai,Reliance Industrial,305,100,41.13,10
P001861,FAS-0462,Brass Wood Screw M6,Fasteners,Delhi,Reliance Industrial,129,54,41.13,9
P001862,PKG-0463,Stainless Stretch Film 25mm,Packaging,Delhi,Apex Industrial,104,104,205.58,13
P001863,PKG-0463,Stainless Stretch Film 25mm,Packaging,Hyderabad,Apex Industrial,130,228,205.58,38
P001864,PKG-0463,Stainless Stretch Film 25mm,Packaging,Kolkata,Apex Industrial,6,6,205.58,2
P001865,PKG-0463,Stainless Stretch Film 25mm,Packaging,Chennai,Apex Industrial,340,170,205.58,34
P001866,PKG-0463,Stainless Stretch Film 25mm,Packaging,Mumbai,Apex Industrial,48,24,205.58,6
P001867,FAS-0464,Heavy Duty Hex Bolt M10,Fasteners,Chennai,Tata Steel Traders,546,238,183.33,34
P001868,FAS-0464,Heavy Duty Hex Bolt M10,Fasteners,Delhi,Tata Steel Traders,224,224,183.33,28
P001869,FAS-0464,Heavy Duty Hex Bolt M10,Fasteners,Hyderabad,Tata Steel Traders,144,72,183.33,24
P001870,FAS-0464,Heavy Duty Hex Bolt M10,Fasteners,Kolkata,Tata Steel Traders,56,56,183.33,8
P001871,FAS-0464,Heavy Duty Hex Bolt M10,Fasteners,Mumbai,Tata Steel Traders,273,273,183.33,39
P001872,SAF-0465,Stainless Reflective Vest 12mm,Safety,Mumbai,Larsen Fittings,161,198,223.77,22
P001873,SAF-0465,Stainless Reflective Vest 12mm,Safety,Hyderabad,Larsen Fittings,324,176,223.77,22
P001874,SAF-0465,Stainless Reflective Vest 12mm,Safety,Delhi,Larsen Fittings,43,35,223.77,7
P001875,ELE-0466,Zinc Copper Wire M8,Electrical,Chennai,Anand Electricals,204,104,1071.34,26
P001876,ELE-0466,Zinc Copper Wire M8,Electrical,Mumbai,Anand Electricals,219,90,1071.34,10
P001877,ELE-0466,Zinc Copper Wire M8,Electrical,Delhi,Anand Electricals,99,27,1071.34,3
P001878,SAF-0467,Premium Reflective Vest M10,Safety,Hyderabad,Larsen Fittings,36,20,239.32,5
P001879,SAF-0467,Premium Reflective Vest M10,Safety,Chennai,Larsen Fittings,377,190,239.32,19
P001880,SAF-0467,Premium Reflective Vest M10,Safety,Delhi,Larsen Fittings,422,148,239.32,37
P001881,SAF-0467,Premium Reflective Vest M10,Safety,Mumbai,Larsen Fittings,100,50,239.32,5
P001882,SAF-0467,Premium Reflective Vest M10,Safety,Kolkata,Larsen Fittings,168,168,239.32,21
P001883,ELE-0468,Stainless LED Bulb 2.5mm,Electrical,Hyderabad,Bharat Hardware,1145,324,396.35,36
P001884,ELE-0468,Stainless LED Bulb 2.5mm,Electrical,Mumbai,Bharat Hardware,252,90,396.35,18
P001885,ELE-0468,Stainless LED Bulb 2.5mm,Electrical,Chennai,Bharat Hardware,174,72,396.35,18
P001886,ELE-0469,Stainless Circuit Breaker 25mm,Electrical,Chennai,Anand Electricals,190,190,471.10,38
P001887,ELE-0469,Stainless Circuit Breaker 25mm,Electrical,Kolkata,Anand Electricals,259,210,471.10,30
P001888,ELE-0469,Stainless Circuit Breaker 25mm,Electrical,Mumbai,Anand Electricals,684,256,471.10,32
P001889,ELE-0469,Stainless Circuit Breaker 25mm,Electrical,Hyderabad,Anand Electricals,332,92,471.10,23
P001890,ELE-0469,Stainless Circuit Breaker 25mm,Electrical,Delhi,Anand Electricals,95,30,471.10,10
P001891,PLU-0470,Industrial Water Tap 1 inch,Plumbing,Chennai,Kaveri Packaging,207,108,381.81,12
P001892,PLU-0470,Industrial Water Tap 1 inch,Plumbing,Hyderabad,Kaveri Packaging,961,312,381.81,39
P001893,PLU-0470,Industrial Water Tap 1 inch,Plumbing,Mumbai,Kaveri Packaging,203,60,381.81,12
P001894,PLU-0470,Industrial Water Tap 1 inch,Plumbing,Kolkata,Kaveri Packaging,256,84,381.81,14
P001895,PLU-0470,Industrial Water Tap 1 inch,Plumbing,Delhi,Kaveri Packaging,16,6,381.81,1
P001896,PLU-0471,Galvanized Teflon Tape M10,Plumbing,Delhi,Kaveri Packaging,328,140,157.76,14
P001897,PLU-0471,Galvanized Teflon Tape M10,Plumbing,Mumbai,Kaveri Packaging,226,198,157.76,33
P001898,PLU-0471,Galvanized Teflon Tape M10,Plumbing,Chennai,Kaveri Packaging,162,68,157.76,17
P001899,TOL-0472,Zinc Adjustable Spanner M8,Tools,Delhi,Mahindra Tools,120,120,715.36,15
P001900,TOL-0472,Zinc Adjustable Spanner M8,Tools,Mumbai,Mahindra Tools,156,156,715.36,26
P001901,TOL-0472,Zinc Adjustable Spanner M8,Tools,Hyderabad,Mahindra Tools,128,64,715.36,16
P001902,TOL-0472,Zinc Adjustable Spanner M8,Tools,Kolkata,Mahindra Tools,492,198,715.36,33
P001903,FAS-0473,Rubber Hex Nut 12mm,Fasteners,Kolkata,Tata Steel Traders,20,5,316.38,1
P001904,FAS-0473,Rubber Hex Nut 12mm,Fasteners,Mumbai,Tata Steel Traders,279,272,316.38,34
P001905,FAS-0473,Rubber Hex Nut 12mm,Fasteners,Delhi,Tata Steel Traders,116,96,316.38,12
P001906,FAS-0473,Rubber Hex Nut 12mm,Fasteners,Hyderabad,Tata Steel Traders,450,114,316.38,19
P001907,FAS-0473,Rubber Hex Nut 12mm,Fasteners,Chennai,Tata Steel Traders,356,200,316.38,25
P001908,FAS-0474,Rubber Anchor Bolt 1 inch,Fasteners,Mumbai,Tata Steel Traders,839,270,27.41,30
P001909,FAS-0474,Rubber Anchor Bolt 1 inch,Fasteners,Hyderabad,Tata Steel Traders,282,160,27.41,20
P001910,FAS-0474,Rubber Anchor Bolt 1 inch,Fasteners,Delhi,Tata Steel Traders,128,64,27.41,8
P001911,ELE-0475,Compact Cable Tie M6,Electrical,Mumbai,Anand Electricals,232,100,321.41,20
P001912,ELE-0475,Compact Cable Tie M6,Electrical,Hyderabad,Anand Electricals,80,80,321.41,20
P001913,ELE-0475,Compact Cable Tie M6,Electrical,Kolkata,Anand Electricals,673,280,321.41,35
P001914,ELE-0475,Compact Cable Tie M6,Electrical,Delhi,Anand Electricals,118,48,321.41,8
P001915,PKG-0476,Zinc Stretch Film 12mm,Packaging,Hyderabad,Jindal Pipes,696,245,116.67,35
P001916,PKG-0476,Zinc Stretch Film 12mm,Packaging,Mumbai,Jindal Pipes,191,216,116.67,24
P001917,PKG-0476,Zinc Stretch Film 12mm,Packaging,Kolkata,Jindal Pipes,96,48,116.67,12
P001918,ELE-0477,Steel Switch Socket 12mm,Electrical,Mumbai,Anand Electricals,33,42,507.81,7
P001919,ELE-0477,Steel Switch Socket 12mm,Electrical,Delhi,Anand Electricals,138,69,507.81,23
P001920,ELE-0477,Steel Switch Socket 12mm,Electrical,Hyderabad,Anand Electricals,272,272,507.81,34
P001921,PKG-0478,Industrial Label Roll 1 inch,Packaging,Kolkata,Apex Industrial,187,66,316.94,11
P001922,PKG-0478,Industrial Label Roll 1 inch,Packaging,Chennai,Apex Industrial,46,42,316.94,14
P001923,PKG-0478,Industrial Label Roll 1 inch,Packaging,Hyderabad,Apex Industrial,678,306,316.94,34
P001924,PKG-0478,Industrial Label Roll 1 inch,Packaging,Delhi,Apex Industrial,1060,350,316.94,35
P001925,PKG-0478,Industrial Label Roll 1 inch,Packaging,Mumbai,Apex Industrial,147,96,316.94,24
P001926,SAF-0479,Heavy Duty Ear Plug 25mm,Safety,Hyderabad,Havells Direct,154,154,348.91,22
P001927,SAF-0479,Heavy Duty Ear Plug 25mm,Safety,Chennai,Havells Direct,120,60,348.91,20
P001928,SAF-0479,Heavy Duty Ear Plug 25mm,Safety,Mumbai,Havells Direct,622,342,348.91,38
P001929,SAF-0479,Heavy Duty Ear Plug 25mm,Safety,Kolkata,Havells Direct,379,150,348.91,15
P001930,PKG-0480,Premium Stretch Film 1 inch,Packaging,Kolkata,Jindal Pipes,401,112,347.39,16
P001931,PKG-0480,Premium Stretch Film 1 inch,Packaging,Delhi,Jindal Pipes,460,117,347.39,13
P001932,PKG-0480,Premium Stretch Film 1 inch,Packaging,Hyderabad,Jindal Pipes,145,50,347.39,10
P001933,PKG-0481,Compact Bubble Wrap 2.5mm,Packaging,Hyderabad,Apex Industrial,112,54,224.89,9
P001934,PKG-0481,Compact Bubble Wrap 2.5mm,Packaging,Delhi,Apex Industrial,73,72,224.89,12
P001935,PKG-0481,Compact Bubble Wrap 2.5mm,Packaging,Chennai,Apex Industrial,100,45,224.89,9
P001936,PKG-0481,Compact Bubble Wrap 2.5mm,Packaging,Kolkata,Apex Industrial,283,248,224.89,31
P001937,PKG-0481,Compact Bubble Wrap 2.5mm,Packaging,Mumbai,Apex Industrial,84,84,224.89,28
P001938,SAF-0482,Rubber Ear Plug M8,Safety,Kolkata,Havells Direct,183,288,332.51,32
P001939,SAF-0482,Rubber Ear Plug M8,Safety,Chennai,Havells Direct,0,220,332.51,22
P001940,SAF-0482,Rubber Ear Plug M8,Safety,Delhi,Havells Direct,38,240,332.51,40
P001941,SAF-0483,Galvanized Safety Goggles 12mm,Safety,Delhi,Havells Direct,593,304,165.74,38
P001942,SAF-0483,Galvanized Safety Goggles 12mm,Safety,Chennai,Havells Direct,685,200,165.74,40
P001943,SAF-0483,Galvanized Safety Goggles 12mm,Safety,Hyderabad,Havells Direct,508,330,165.74,33
P001944,TOL-0484,Stainless Drill Bit 50mm,Tools,Mumbai,Godrej Safety,815,297,720.86,33
P001945,TOL-0484,Stainless Drill Bit 50mm,Tools,Chennai,Godrej Safety,451,120,720.86,20
P001946,TOL-0484,Stainless Drill Bit 50mm,Tools,Delhi,Godrej Safety,287,133,720.86,19
P001947,TOL-0484,Stainless Drill Bit 50mm,Tools,Kolkata,Godrej Safety,111,28,720.86,7
P001948,TOL-0484,Stainless Drill Bit 50mm,Tools,Hyderabad,Godrej Safety,572,280,720.86,40
P001949,SAF-0485,Heavy Duty Safety Goggles M6,Safety,Mumbai,Larsen Fittings,363,105,260.30,21
P001950,SAF-0485,Heavy Duty Safety Goggles M6,Safety,Hyderabad,Larsen Fittings,57,42,260.30,7
P001951,SAF-0485,Heavy Duty Safety Goggles M6,Safety,Chennai,Larsen Fittings,201,88,260.30,22
P001952,SAF-0485,Heavy Duty Safety Goggles M6,Safety,Kolkata,Larsen Fittings,85,27,260.30,3
P001953,SAF-0485,Heavy Duty Safety Goggles M6,Safety,Delhi,Larsen Fittings,554,185,260.30,37
P001954,ELE-0486,Industrial Cable Tie M10,Electrical,Mumbai,Bharat Hardware,120,60,462.13,15
P001955,ELE-0486,Industrial Cable Tie M10,Electrical,Hyderabad,Bharat Hardware,32,32,462.13,4
P001956,ELE-0486,Industrial Cable Tie M10,Electrical,Delhi,Bharat Hardware,78,132,462.13,22
P001957,ELE-0486,Industrial Cable Tie M10,Electrical,Chennai,Bharat Hardware,7,48,462.13,16
P001958,FAS-0487,Heavy Duty Wood Screw 1 inch,Fasteners,Chennai,Tata Steel Traders,289,270,106.21,30
P001959,FAS-0487,Heavy Duty Wood Screw 1 inch,Fasteners,Delhi,Tata Steel Traders,441,153,106.21,17
P001960,FAS-0487,Heavy Duty Wood Screw 1 inch,Fasteners,Kolkata,Tata Steel Traders,220,220,106.21,22
P001961,FAS-0487,Heavy Duty Wood Screw 1 inch,Fasteners,Mumbai,Tata Steel Traders,287,115,106.21,23
P001962,FAS-0488,Brass Rivet M8,Fasteners,Delhi,Reliance Industrial,342,185,38.33,37
P001963,FAS-0488,Brass Rivet M8,Fasteners,Hyderabad,Reliance Industrial,42,21,38.33,7
P001964,FAS-0488,Brass Rivet M8,Fasteners,Kolkata,Reliance Industrial,198,144,38.33,36
P001965,TOL-0489,Stainless Screwdriver Set 12mm,Tools,Chennai,Godrej Safety,77,40,730.51,10
P001966,TOL-0489,Stainless Screwdriver Set 12mm,Tools,Kolkata,Godrej Safety,697,248,730.51,31
P001967,TOL-0489,Stainless Screwdriver Set 12mm,Tools,Hyderabad,Godrej Safety,600,288,730.51,32
P001968,TOL-0489,Stainless Screwdriver Set 12mm,Tools,Mumbai,Godrej Safety,583,208,730.51,26
P001969,TOL-0489,Stainless Screwdriver Set 12mm,Tools,Delhi,Godrej Safety,320,290,730.51,29
P001970,FAS-0490,Premium Wood Screw 12mm,Fasteners,Hyderabad,Tata Steel Traders,240,240,68.17,30
P001971,FAS-0490,Premium Wood Screw 12mm,Fasteners,Delhi,Tata Steel Traders,216,108,68.17,18
P001972,FAS-0490,Premium Wood Screw 12mm,Fasteners,Kolkata,Tata Steel Traders,277,80,68.17,20
P001973,SAF-0491,Premium Safety Goggles M8,Safety,Chennai,Havells Direct,308,189,117.90,27
P001974,SAF-0491,Premium Safety Goggles M8,Safety,Hyderabad,Havells Direct,50,50,117.90,10
P001975,SAF-0491,Premium Safety Goggles M8,Safety,Delhi,Havells Direct,460,185,117.90,37
P001976,SAF-0491,Premium Safety Goggles M8,Safety,Mumbai,Havells Direct,84,64,117.90,8
P001977,SAF-0492,Zinc Safety Goggles 25mm,Safety,Chennai,Havells Direct,126,63,357.17,9
P001978,SAF-0492,Zinc Safety Goggles 25mm,Safety,Kolkata,Havells Direct,523,224,357.17,28
P001979,SAF-0492,Zinc Safety Goggles 25mm,Safety,Delhi,Havells Direct,50,28,357.17,4
P001980,SAF-0492,Zinc Safety Goggles 25mm,Safety,Mumbai,Havells Direct,110,110,357.17,22
P001981,SAF-0492,Zinc Safety Goggles 25mm,Safety,Hyderabad,Havells Direct,402,234,357.17,26
P001982,PLU-0493,Steel Ball Valve 25mm,Plumbing,Delhi,Kaveri Packaging,77,20,27.80,4
P001983,PLU-0493,Steel Ball Valve 25mm,Plumbing,Kolkata,Kaveri Packaging,220,88,27.80,11
P001984,PLU-0493,Steel Ball Valve 25mm,Plumbing,Hyderabad,Kaveri Packaging,213,90,27.80,9
P001985,PLU-0493,Steel Ball Valve 25mm,Plumbing,Mumbai,Kaveri Packaging,421,120,27.80,20
P001986,PLU-0494,Heavy Duty Pipe Clamp 50mm,Plumbing,Hyderabad,Kaveri Packaging,705,270,384.52,27
P001987,PLU-0494,Heavy Duty Pipe Clamp 50mm,Plumbing,Delhi,Kaveri Packaging,262,108,384.52,18
P001988,PLU-0494,Heavy Duty Pipe Clamp 50mm,Plumbing,Chennai,Kaveri Packaging,90,90,384.52,10
P001989,SAF-0495,Brass Dust Mask 1 inch,Safety,Hyderabad,Larsen Fittings,258,156,29.19,26
P001990,SAF-0495,Brass Dust Mask 1 inch,Safety,Mumbai,Larsen Fittings,698,210,29.19,35
P001991,SAF-0495,Brass Dust Mask 1 inch,Safety,Delhi,Larsen Fittings,1097,279,29.19,31
P001992,TOL-0496,Rubber Drill Bit 1 inch,Tools,Chennai,Mahindra Tools,458,152,1480.73,38
P001993,TOL-0496,Rubber Drill Bit 1 inch,Tools,Hyderabad,Mahindra Tools,1092,350,1480.73,35
P001994,TOL-0496,Rubber Drill Bit 1 inch,Tools,Delhi,Mahindra Tools,337,108,1480.73,12
P001995,TOL-0496,Rubber Drill Bit 1 inch,Tools,Kolkata,Mahindra Tools,93,93,1480.73,31
P001996,TOL-0497,Steel Measuring Tape 25mm,Tools,Hyderabad,Godrej Safety,199,196,220.20,28
P001997,TOL-0497,Steel Measuring Tape 25mm,Tools,Mumbai,Godrej Safety,252,126,220.20,18
P001998,TOL-0497,Steel Measuring Tape 25mm,Tools,Kolkata,Godrej Safety,118,180,220.20,30
P001999,SAF-0498,Compact Safety Helmet 50mm,Safety,Mumbai,Larsen Fittings,434,196,333.19,28
P002000,SAF-0498,Compact Safety Helmet 50mm,Safety,Delhi,Larsen Fittings,185,55,333.19,11
P002001,SAF-0498,Compact Safety Helmet 50mm,Safety,Hyderabad,Larsen Fittings,111,111,333.19,37
P002002,SAF-0499,Rubber Dust Mask 1 inch,Safety,Mumbai,Havells Direct,158,111,346.62,37
P002003,SAF-0499,Rubber Dust Mask 1 inch,Safety,Hyderabad,Havells Direct,48,24,346.62,3
P002004,SAF-0499,Rubber Dust Mask 1 inch,Safety,Delhi,Havells Direct,48,24,346.62,8
P002005,SAF-0499,Rubber Dust Mask 1 inch,Safety,Chennai,Havells Direct,69,210,346.62,35
P002006,TOL-0500,Brass Hacksaw Blade 12mm,Tools,Chennai,Mahindra Tools,429,190,1995.91,38
P002007,TOL-0500,Brass Hacksaw Blade 12mm,Tools,Delhi,Mahindra Tools,71,36,1995.91,4
P002008,TOL-0500,Brass Hacksaw Blade 12mm,Tools,Mumbai,Mahindra Tools,273,72,1995.91,18
P002009,TOL-0500,Brass Hacksaw Blade 12mm,Tools,Kolkata,Mahindra Tools,412,112,1995.91,14
P002010,TOL-0500,Brass Hacksaw Blade 12mm,Tools,Hyderabad,Mahindra Tools,151,50,1995.91,10
P002011,PLU-0501,Compact Ball Valve 25mm,Plumbing,Kolkata,Sri Lakshmi Supplies,20,6,168.84,2
P002012,PLU-0501,Compact Ball Valve 25mm,Plumbing,Chennai,Sri Lakshmi Supplies,107,54,168.84,6
P002013,PLU-0501,Compact Ball Valve 25mm,Plumbing,Delhi,Sri Lakshmi Supplies,255,230,168.84,23
P002014,PLU-0501,Compact Ball Valve 25mm,Plumbing,Hyderabad,Sri Lakshmi Supplies,236,120,168.84,20
P002015,TOL-0502,Compact Adjustable Spanner M10,Tools,Delhi,Mahindra Tools,273,231,975.92,33
P002016,TOL-0502,Compact Adjustable Spanner M10,Tools,Mumbai,Mahindra Tools,677,186,975.92,31
P002017,TOL-0502,Compact Adjustable Spanner M10,Tools,Kolkata,Mahindra Tools,430,210,975.92,30
P002018,TOL-0502,Compact Adjustable Spanner M10,Tools,Hyderabad,Mahindra Tools,362,91,975.92,13
P002019,PLU-0503,Heavy Duty Teflon Tape M6,Plumbing,Delhi,Sri Lakshmi Supplies,154,81,22.72,27
P002020,PLU-0503,Heavy Duty Teflon Tape M6,Plumbing,Chennai,Sri Lakshmi Supplies,383,132,22.72,22
P002021,PLU-0503,Heavy Duty Teflon Tape M6,Plumbing,Kolkata,Sri Lakshmi Supplies,180,48,22.72,8
P002022,PLU-0504,Compact Ball Valve 50mm,Plumbing,Kolkata,Kaveri Packaging,232,87,260.15,29
P002023,PLU-0504,Compact Ball Valve 50mm,Plumbing,Chennai,Kaveri Packaging,688,270,260.15,27
P002024,PLU-0504,Compact Ball Valve 50mm,Plumbing,Delhi,Kaveri Packaging,105,105,260.15,21
P002025,TOL-0505,Brass Measuring Tape 50mm,Tools,Kolkata,Godrej Safety,48,48,325.44,6
P002026,TOL-0505,Brass Measuring Tape 50mm,Tools,Chennai,Godrej Safety,460,252,325.44,36
P002027,TOL-0505,Brass Measuring Tape 50mm,Tools,Hyderabad,Godrej Safety,126,63,325.44,9
P002028,TOL-0505,Brass Measuring Tape 50mm,Tools,Mumbai,Godrej Safety,185,88,325.44,11
P002029,PKG-0506,Brass Pallet Strap 25mm,Packaging,Hyderabad,Apex Industrial,170,170,383.33,17
P002030,PKG-0506,Brass Pallet Strap 25mm,Packaging,Kolkata,Apex Industrial,192,96,383.33,16
P002031,PKG-0506,Brass Pallet Strap 25mm,Packaging,Delhi,Apex Industrial,502,228,383.33,38
P002032,ELE-0507,Heavy Duty Cable Tie 25mm,Electrical,Mumbai,Bharat Hardware,228,102,831.37,34
P002033,ELE-0507,Heavy Duty Cable Tie 25mm,Electrical,Chennai,Bharat Hardware,145,145,831.37,29
P002034,ELE-0507,Heavy Duty Cable Tie 25mm,Electrical,Delhi,Bharat Hardware,464,216,831.37,36
P002035,FAS-0508,Compact Rivet M8,Fasteners,Chennai,Reliance Industrial,29,15,256.67,5
P002036,FAS-0508,Compact Rivet M8,Fasteners,Hyderabad,Reliance Industrial,470,154,256.67,22
P002037,FAS-0508,Compact Rivet M8,Fasteners,Kolkata,Reliance Industrial,107,28,256.67,4
P002038,FAS-0508,Compact Rivet M8,Fasteners,Mumbai,Reliance Industrial,576,189,256.67,21
P002039,FAS-0509,Rubber Hex Nut M10,Fasteners,Chennai,Reliance Industrial,164,51,331.89,17
P002040,FAS-0509,Rubber Hex Nut M10,Fasteners,Mumbai,Reliance Industrial,656,280,331.89,35
P002041,FAS-0509,Rubber Hex Nut M10,Fasteners,Hyderabad,Reliance Industrial,105,105,331.89,15
P002042,FAS-0509,Rubber Hex Nut M10,Fasteners,Delhi,Reliance Industrial,48,24,331.89,4
P002043,FAS-0509,Rubber Hex Nut M10,Fasteners,Kolkata,Reliance Industrial,225,60,331.89,20
P002044,PLU-0510,Zinc Ball Valve 25mm,Plumbing,Hyderabad,Kaveri Packaging,90,90,72.54,10
P002045,PLU-0510,Zinc Ball Valve 25mm,Plumbing,Chennai,Kaveri Packaging,331,124,72.54,31
P002046,PLU-0510,Zinc Ball Valve 25mm,Plumbing,Mumbai,Kaveri Packaging,240,119,72.54,17
P002047,PLU-0510,Zinc Ball Valve 25mm,Plumbing,Delhi,Kaveri Packaging,380,380,72.54,38
P002048,ELE-0511,Zinc LED Bulb M6,Electrical,Hyderabad,Anand Electricals,44,12,261.95,4
P002049,ELE-0511,Zinc LED Bulb M6,Electrical,Delhi,Anand Electricals,70,64,261.95,16
P002050,ELE-0511,Zinc LED Bulb M6,Electrical,Kolkata,Anand Electricals,167,56,261.95,8
P002051,SAF-0512,Brass Safety Goggles 50mm,Safety,Delhi,Havells Direct,232,232,89.02,29
P002052,SAF-0512,Brass Safety Goggles 50mm,Safety,Chennai,Havells Direct,577,224,89.02,28
P002053,SAF-0512,Brass Safety Goggles 50mm,Safety,Hyderabad,Havells Direct,88,84,89.02,14
P002054,PLU-0513,Compact Pipe Clamp 1 inch,Plumbing,Mumbai,Kaveri Packaging,124,170,306.52,34
P002055,PLU-0513,Compact Pipe Clamp 1 inch,Plumbing,Hyderabad,Kaveri Packaging,26,144,306.52,16
P002056,PLU-0513,Compact Pipe Clamp 1 inch,Plumbing,Delhi,Kaveri Packaging,0,126,306.52,14
P002057,ELE-0514,Heavy Duty Copper Wire 50mm,Electrical,Chennai,Anand Electricals,128,128,1146.77,32
P002058,ELE-0514,Heavy Duty Copper Wire 50mm,Electrical,Mumbai,Anand Electricals,212,105,1146.77,15
P002059,ELE-0514,Heavy Duty Copper Wire 50mm,Electrical,Kolkata,Anand Electricals,370,252,1146.77,28
P002060,ELE-0514,Heavy Duty Copper Wire 50mm,Electrical,Delhi,Anand Electricals,118,30,1146.77,5
P002061,ELE-0514,Heavy Duty Copper Wire 50mm,Electrical,Hyderabad,Anand Electricals,60,30,1146.77,6
P002062,SAF-0515,Premium Ear Plug 2.5mm,Safety,Mumbai,Havells Direct,208,180,192.87,18
P002063,SAF-0515,Premium Ear Plug 2.5mm,Safety,Hyderabad,Havells Direct,188,90,192.87,30
P002064,SAF-0515,Premium Ear Plug 2.5mm,Safety,Delhi,Havells Direct,742,190,192.87,38
P002065,ELE-0516,Heavy Duty Copper Wire 12mm,Electrical,Hyderabad,Anand Electricals,264,99,186.88,33
P002066,ELE-0516,Heavy Duty Copper Wire 12mm,Electrical,Kolkata,Anand Electricals,174,96,186.88,12
P002067,ELE-0516,Heavy Duty Copper Wire 12mm,Electrical,Mumbai,Anand Electricals,477,180,186.88,20
P002068,ELE-0516,Heavy Duty Copper Wire 12mm,Electrical,Delhi,Anand Electricals,49,30,186.88,5
P002069,ELE-0516,Heavy Duty Copper Wire 12mm,Electrical,Chennai,Anand Electricals,278,168,186.88,28
P002070,SAF-0517,Galvanized Reflective Vest 12mm,Safety,Mumbai,Havells Direct,243,155,30.68,31
P002071,SAF-0517,Galvanized Reflective Vest 12mm,Safety,Delhi,Havells Direct,111,69,30.68,23
P002072,SAF-0517,Galvanized Reflective Vest 12mm,Safety,Chennai,Havells Direct,151,100,30.68,20
P002073,SAF-0517,Galvanized Reflective Vest 12mm,Safety,Kolkata,Havells Direct,206,120,30.68,40
P002074,PKG-0518,Zinc Packing Tape 2.5mm,Packaging,Delhi,Jindal Pipes,749,306,115.01,34
P002075,PKG-0518,Zinc Packing Tape 2.5mm,Packaging,Mumbai,Jindal Pipes,66,66,115.01,11
P002076,PKG-0518,Zinc Packing Tape 2.5mm,Packaging,Kolkata,Jindal Pipes,84,48,115.01,16
P002077,PKG-0518,Zinc Packing Tape 2.5mm,Packaging,Hyderabad,Jindal Pipes,154,63,115.01,9
P002078,PKG-0518,Zinc Packing Tape 2.5mm,Packaging,Chennai,Jindal Pipes,119,33,115.01,11
P002079,SAF-0519,Galvanized Safety Helmet 25mm,Safety,Kolkata,Havells Direct,306,306,99.75,34
P002080,SAF-0519,Galvanized Safety Helmet 25mm,Safety,Delhi,Havells Direct,189,136,99.75,34
P002081,SAF-0519,Galvanized Safety Helmet 25mm,Safety,Hyderabad,Havells Direct,530,180,99.75,30
P002082,SAF-0519,Galvanized Safety Helmet 25mm,Safety,Mumbai,Havells Direct,237,190,99.75,38
P002083,SAF-0519,Galvanized Safety Helmet 25mm,Safety,Chennai,Havells Direct,450,320,99.75,40
P002084,TOL-0520,Galvanized Screwdriver Set 50mm,Tools,Hyderabad,Mahindra Tools,6,3,850.28,1
P002085,TOL-0520,Galvanized Screwdriver Set 50mm,Tools,Chennai,Mahindra Tools,291,80,850.28,10
P002086,TOL-0520,Galvanized Screwdriver Set 50mm,Tools,Kolkata,Mahindra Tools,368,228,850.28,38
P002087,TOL-0520,Galvanized Screwdriver Set 50mm,Tools,Mumbai,Mahindra Tools,91,91,850.28,13
P002088,TOL-0520,Galvanized Screwdriver Set 50mm,Tools,Delhi,Mahindra Tools,224,112,850.28,28
P002089,SAF-0521,Rubber Dust Mask M6,Safety,Kolkata,Larsen Fittings,94,44,185.88,11
P002090,SAF-0521,Rubber Dust Mask M6,Safety,Delhi,Larsen Fittings,193,190,185.88,19
P002091,SAF-0521,Rubber Dust Mask M6,Safety,Hyderabad,Larsen Fittings,265,231,185.88,33
P002092,SAF-0521,Rubber Dust Mask M6,Safety,Chennai,Larsen Fittings,419,105,185.88,15
P002093,SAF-0521,Rubber Dust Mask M6,Safety,Mumbai,Larsen Fittings,256,210,185.88,35
P002094,TOL-0522,Industrial Adjustable Spanner M10,Tools,Chennai,Godrej Safety,296,108,600.12,12
P002095,TOL-0522,Industrial Adjustable Spanner M10,Tools,Kolkata,Godrej Safety,458,351,600.12,39
P002096,TOL-0522,Industrial Adjustable Spanner M10,Tools,Delhi,Godrej Safety,171,48,600.12,16
P002097,TOL-0522,Industrial Adjustable Spanner M10,Tools,Mumbai,Godrej Safety,323,180,600.12,18
P002098,TOL-0522,Industrial Adjustable Spanner M10,Tools,Hyderabad,Godrej Safety,185,48,600.12,16
P002099,FAS-0523,Zinc Rivet M8,Fasteners,Mumbai,Reliance Industrial,162,45,176.47,5
P002100,FAS-0523,Zinc Rivet M8,Fasteners,Kolkata,Reliance Industrial,385,145,176.47,29
P002101,FAS-0523,Zinc Rivet M8,Fasteners,Hyderabad,Reliance Industrial,226,144,176.47,36
P002102,FAS-0524,Zinc Hex Nut 50mm,Fasteners,Kolkata,Reliance Industrial,303,96,35.69,24
P002103,FAS-0524,Zinc Hex Nut 50mm,Fasteners,Delhi,Reliance Industrial,703,230,35.69,23
P002104,FAS-0524,Zinc Hex Nut 50mm,Fasteners,Chennai,Reliance Industrial,374,144,35.69,24
P002105,FAS-0524,Zinc Hex Nut 50mm,Fasteners,Mumbai,Reliance Industrial,408,130,35.69,13
P002106,FAS-0524,Zinc Hex Nut 50mm,Fasteners,Hyderabad,Reliance Industrial,130,42,35.69,7
P002107,TOL-0525,Galvanized Adjustable Spanner 1 inch,Tools,Mumbai,Mahindra Tools,205,60,375.46,10
P002108,TOL-0525,Galvanized Adjustable Spanner 1 inch,Tools,Kolkata,Mahindra Tools,229,80,375.46,16
P002109,TOL-0525,Galvanized Adjustable Spanner 1 inch,Tools,Delhi,Mahindra Tools,157,110,375.46,22
P002110,PKG-0526,Premium Pallet Strap M10,Packaging,Delhi,Jindal Pipes,237,160,249.69,40
P002111,PKG-0526,Premium Pallet Strap M10,Packaging,Chennai,Jindal Pipes,391,100,249.69,20
P002112,PKG-0526,Premium Pallet Strap M10,Packaging,Mumbai,Jindal Pipes,351,88,249.69,11
P002113,SAF-0527,Stainless Ear Plug M10,Safety,Mumbai,Larsen Fittings,678,196,299.85,28
P002114,SAF-0527,Stainless Ear Plug M10,Safety,Hyderabad,Larsen Fittings,687,198,299.85,33
P002115,SAF-0527,Stainless Ear Plug M10,Safety,Delhi,Larsen Fittings,168,84,299.85,28
P002116,PLU-0528,Compact Water Tap M10,Plumbing,Delhi,Kaveri Packaging,329,152,111.41,19
P002117,PLU-0528,Compact Water Tap M10,Plumbing,Chennai,Kaveri Packaging,427,155,111.41,31
P002118,PLU-0528,Compact Water Tap M10,Plumbing,Mumbai,Kaveri Packaging,301,92,111.41,23
P002119,PLU-0528,Compact Water Tap M10,Plumbing,Kolkata,Kaveri Packaging,115,115,111.41,23
P002120,TOL-0529,Heavy Duty Adjustable Spanner M6,Tools,Delhi,Mahindra Tools,511,185,500.66,37
P002121,TOL-0529,Heavy Duty Adjustable Spanner M6,Tools,Chennai,Mahindra Tools,52,28,500.66,4
P002122,TOL-0529,Heavy Duty Adjustable Spanner M6,Tools,Mumbai,Mahindra Tools,244,198,500.66,33
P002123,TOL-0529,Heavy Duty Adjustable Spanner M6,Tools,Hyderabad,Mahindra Tools,532,266,500.66,38
P002124,TOL-0529,Heavy Duty Adjustable Spanner M6,Tools,Kolkata,Mahindra Tools,119,119,500.66,17
P002125,FAS-0530,Zinc Wood Screw M8,Fasteners,Delhi,Tata Steel Traders,226,64,10.37,16
P002126,FAS-0530,Zinc Wood Screw M8,Fasteners,Hyderabad,Tata Steel Traders,578,217,10.37,31
P002127,FAS-0530,Zinc Wood Screw M8,Fasteners,Kolkata,Tata Steel Traders,361,189,10.37,21
P002128,TOL-0531,Industrial Drill Bit M8,Tools,Chennai,Godrej Safety,63,21,890.96,3
P002129,TOL-0531,Industrial Drill Bit M8,Tools,Mumbai,Godrej Safety,1346,360,890.96,36
P002130,TOL-0531,Industrial Drill Bit M8,Tools,Kolkata,Godrej Safety,441,140,890.96,35
P002131,TOL-0531,Industrial Drill Bit M8,Tools,Delhi,Godrej Safety,83,42,890.96,7
P002132,TOL-0531,Industrial Drill Bit M8,Tools,Hyderabad,Godrej Safety,843,310,890.96,31
P002133,FAS-0532,Steel Wood Screw M8,Fasteners,Chennai,Tata Steel Traders,472,208,385.05,26
P002134,FAS-0532,Steel Wood Screw M8,Fasteners,Hyderabad,Tata Steel Traders,78,77,385.05,11
P002135,FAS-0532,Steel Wood Screw M8,Fasteners,Mumbai,Tata Steel Traders,210,108,385.05,18
P002136,PKG-0533,Compact Cardboard Box 1 inch,Packaging,Hyderabad,Jindal Pipes,227,84,295.21,21
P002137,PKG-0533,Compact Cardboard Box 1 inch,Packaging,Kolkata,Jindal Pipes,1141,315,295.21,35
P002138,PKG-0533,Compact Cardboard Box 1 inch,Packaging,Chennai,Jindal Pipes,255,78,295.21,13
P002139,PKG-0533,Compact Cardboard Box 1 inch,Packaging,Delhi,Jindal Pipes,97,96,295.21,32
P002140,PLU-0534,Industrial PVC Pipe 1 inch,Plumbing,Hyderabad,Kaveri Packaging,389,170,25.72,17
P002141,PLU-0534,Industrial PVC Pipe 1 inch,Plumbing,Mumbai,Kaveri Packaging,272,272,25.72,34
P002142,PLU-0534,Industrial PVC Pipe 1 inch,Plumbing,Chennai,Kaveri Packaging,132,238,25.72,34
P002143,PLU-0534,Industrial PVC Pipe 1 inch,Plumbing,Delhi,Kaveri Packaging,304,210,25.72,21
P002144,FAS-0535,Brass Anchor Bolt 50mm,Fasteners,Hyderabad,Tata Steel Traders,387,264,213.06,33
P002145,FAS-0535,Brass Anchor Bolt 50mm,Fasteners,Kolkata,Tata Steel Traders,11,12,213.06,4
P002146,FAS-0535,Brass Anchor Bolt 50mm,Fasteners,Delhi,Tata Steel Traders,45,51,213.06,17
P002147,ELE-0536,Heavy Duty Circuit Breaker 1 inch,Electrical,Chennai,Bharat Hardware,50,48,672.26,8
P002148,ELE-0536,Heavy Duty Circuit Breaker 1 inch,Electrical,Delhi,Bharat Hardware,372,160,672.26,32
P002149,ELE-0536,Heavy Duty Circuit Breaker 1 inch,Electrical,Hyderabad,Bharat Hardware,149,133,672.26,19
P002150,ELE-0536,Heavy Duty Circuit Breaker 1 inch,Electrical,Mumbai,Bharat Hardware,107,42,672.26,14
P002151,SAF-0537,Premium Reflective Vest M6,Safety,Mumbai,Larsen Fittings,320,160,14.58,40
P002152,SAF-0537,Premium Reflective Vest M6,Safety,Kolkata,Larsen Fittings,79,56,14.58,8
P002153,SAF-0537,Premium Reflective Vest M6,Safety,Delhi,Larsen Fittings,280,140,14.58,14
P002154,SAF-0537,Premium Reflective Vest M6,Safety,Chennai,Larsen Fittings,37,81,14.58,9
P002155,SAF-0537,Premium Reflective Vest M6,Safety,Hyderabad,Larsen Fittings,360,400,14.58,40
P002156,FAS-0538,Compact Wood Screw 50mm,Fasteners,Mumbai,Tata Steel Traders,32,32,11.83,8
P002157,FAS-0538,Compact Wood Screw 50mm,Fasteners,Hyderabad,Tata Steel Traders,200,200,11.83,40
P002158,FAS-0538,Compact Wood Screw 50mm,Fasteners,Delhi,Tata Steel Traders,193,130,11.83,13
P002159,FAS-0538,Compact Wood Screw 50mm,Fasteners,Chennai,Tata Steel Traders,51,232,11.83,29
P002160,FAS-0538,Compact Wood Screw 50mm,Fasteners,Kolkata,Tata Steel Traders,144,72,11.83,18
P002161,PLU-0539,Stainless Elbow Joint 2.5mm,Plumbing,Chennai,Kaveri Packaging,128,90,255.91,30
P002162,PLU-0539,Stainless Elbow Joint 2.5mm,Plumbing,Kolkata,Kaveri Packaging,272,168,255.91,28
P002163,PLU-0539,Stainless Elbow Joint 2.5mm,Plumbing,Delhi,Kaveri Packaging,555,288,255.91,32
P002164,PLU-0539,Stainless Elbow Joint 2.5mm,Plumbing,Mumbai,Kaveri Packaging,16,24,255.91,6
P002165,FAS-0540,Brass Hex Bolt 1 inch,Fasteners,Delhi,Tata Steel Traders,531,165,33.17,33
P002166,FAS-0540,Brass Hex Bolt 1 inch,Fasteners,Chennai,Tata Steel Traders,56,42,33.17,7
P002167,FAS-0540,Brass Hex Bolt 1 inch,Fasteners,Hyderabad,Tata Steel Traders,128,85,33.17,17
P002168,FAS-0540,Brass Hex Bolt 1 inch,Fasteners,Kolkata,Tata Steel Traders,149,42,33.17,14
P002169,FAS-0540,Brass Hex Bolt 1 inch,Fasteners,Mumbai,Tata Steel Traders,100,100,33.17,25
P002170,ELE-0541,Premium Switch Socket 12mm,Electrical,Mumbai,Anand Electricals,16,16,426.35,2
P002171,ELE-0541,Premium Switch Socket 12mm,Electrical,Hyderabad,Anand Electricals,56,32,426.35,4
P002172,ELE-0541,Premium Switch Socket 12mm,Electrical,Delhi,Anand Electricals,351,155,426.35,31
P002173,ELE-0541,Premium Switch Socket 12mm,Electrical,Kolkata,Anand Electricals,159,100,426.35,20
P002174,PLU-0542,Industrial Teflon Tape 2.5mm,Plumbing,Kolkata,Kaveri Packaging,501,152,217.89,19
P002175,PLU-0542,Industrial Teflon Tape 2.5mm,Plumbing,Chennai,Kaveri Packaging,679,351,217.89,39
P002176,PLU-0542,Industrial Teflon Tape 2.5mm,Plumbing,Delhi,Kaveri Packaging,284,190,217.89,38
P002177,ELE-0543,Galvanized LED Bulb 25mm,Electrical,Hyderabad,Anand Electricals,552,224,48.80,32
P002178,ELE-0543,Galvanized LED Bulb 25mm,Electrical,Chennai,Anand Electricals,78,24,48.80,4
P002179,ELE-0543,Galvanized LED Bulb 25mm,Electrical,Delhi,Anand Electricals,72,72,48.80,24
P002180,PKG-0544,Industrial Stretch Film 1 inch,Packaging,Kolkata,Jindal Pipes,528,272,292.22,34
P002181,PKG-0544,Industrial Stretch Film 1 inch,Packaging,Mumbai,Jindal Pipes,1151,320,292.22,32
P002182,PKG-0544,Industrial Stretch Film 1 inch,Packaging,Chennai,Jindal Pipes,24,24,292.22,4
P002183,PKG-0544,Industrial Stretch Film 1 inch,Packaging,Delhi,Jindal Pipes,49,49,292.22,7
P002184,PKG-0544,Industrial Stretch Film 1 inch,Packaging,Hyderabad,Jindal Pipes,225,144,292.22,16
P002185,FAS-0545,Industrial Hex Nut M10,Fasteners,Chennai,Tata Steel Traders,759,245,297.19,35
P002186,FAS-0545,Industrial Hex Nut M10,Fasteners,Delhi,Tata Steel Traders,396,200,297.19,20
P002187,FAS-0545,Industrial Hex Nut M10,Fasteners,Mumbai,Tata Steel Traders,326,100,297.19,10
P002188,FAS-0545,Industrial Hex Nut M10,Fasteners,Hyderabad,Tata Steel Traders,618,240,297.19,24
P002189,FAS-0545,Industrial Hex Nut M10,Fasteners,Kolkata,Tata Steel Traders,707,200,297.19,25
P002190,PLU-0546,Compact Elbow Joint 2.5mm,Plumbing,Kolkata,Sri Lakshmi Supplies,105,60,220.83,20
P002191,PLU-0546,Compact Elbow Joint 2.5mm,Plumbing,Delhi,Sri Lakshmi Supplies,103,98,220.83,14
P002192,PLU-0546,Compact Elbow Joint 2.5mm,Plumbing,Chennai,Sri Lakshmi Supplies,261,70,220.83,10
P002193,FAS-0547,Compact Hex Bolt 25mm,Fasteners,Hyderabad,Tata Steel Traders,68,68,315.89,17
P002194,FAS-0547,Compact Hex Bolt 25mm,Fasteners,Chennai,Tata Steel Traders,384,224,315.89,32
P002195,FAS-0547,Compact Hex Bolt 25mm,Fasteners,Mumbai,Tata Steel Traders,73,96,315.89,32
P002196,FAS-0547,Compact Hex Bolt 25mm,Fasteners,Delhi,Tata Steel Traders,24,12,315.89,2
P002197,PKG-0548,Galvanized Cardboard Box M10,Packaging,Hyderabad,Jindal Pipes,138,60,272.46,10
P002198,PKG-0548,Galvanized Cardboard Box M10,Packaging,Chennai,Jindal Pipes,104,104,272.46,13
P002199,PKG-0548,Galvanized Cardboard Box M10,Packaging,Delhi,Jindal Pipes,662,180,272.46,18
P002200,PKG-0548,Galvanized Cardboard Box M10,Packaging,Mumbai,Jindal Pipes,159,93,272.46,31
P002201,PKG-0548,Galvanized Cardboard Box M10,Packaging,Kolkata,Jindal Pipes,320,320,272.46,32
P002202,FAS-0549,Stainless Flat Washer M6,Fasteners,Mumbai,Reliance Industrial,313,156,83.94,39
P002203,FAS-0549,Stainless Flat Washer M6,Fasteners,Delhi,Reliance Industrial,93,60,83.94,6
P002204,FAS-0549,Stainless Flat Washer M6,Fasteners,Kolkata,Reliance Industrial,1181,390,83.94,39
P002205,FAS-0549,Stainless Flat Washer M6,Fasteners,Hyderabad,Reliance Industrial,260,95,83.94,19
P002206,FAS-0549,Stainless Flat Washer M6,Fasteners,Chennai,Reliance Industrial,304,132,83.94,22
P002207,TOL-0550,Industrial Drill Bit M10,Tools,Delhi,Godrej Safety,193,160,1910.14,40
P002208,TOL-0550,Industrial Drill Bit M10,Tools,Kolkata,Godrej Safety,1,136,1910.14,34
P002209,TOL-0550,Industrial Drill Bit M10,Tools,Mumbai,Godrej Safety,80,40,1910.14,5
P002210,PKG-0551,Zinc Cardboard Box 1 inch,Packaging,Delhi,Jindal Pipes,73,49,186.49,7
P002211,PKG-0551,Zinc Cardboard Box 1 inch,Packaging,Hyderabad,Jindal Pipes,171,50,186.49,5
P002212,PKG-0551,Zinc Cardboard Box 1 inch,Packaging,Kolkata,Jindal Pipes,347,90,186.49,30
P002213,PKG-0551,Zinc Cardboard Box 1 inch,Packaging,Chennai,Jindal Pipes,722,272,186.49,34
P002214,FAS-0552,Zinc Hex Bolt 25mm,Fasteners,Mumbai,Reliance Industrial,845,252,397.39,36
P002215,FAS-0552,Zinc Hex Bolt 25mm,Fasteners,Kolkata,Reliance Industrial,200,200,397.39,20
P002216,FAS-0552,Zinc Hex Bolt 25mm,Fasteners,Chennai,Reliance Industrial,198,117,397.39,39
P002217,SAF-0553,Heavy Duty Safety Helmet M10,Safety,Kolkata,Larsen Fittings,188,60,319.85,15
P002218,SAF-0553,Heavy Duty Safety Helmet M10,Safety,Mumbai,Larsen Fittings,414,195,319.85,39
P002219,SAF-0553,Heavy Duty Safety Helmet M10,Safety,Hyderabad,Larsen Fittings,14,5,319.85,1
P002220,PKG-0554,Industrial Stretch Film M8,Packaging,Chennai,Jindal Pipes,395,252,256.33,28
P002221,PKG-0554,Industrial Stretch Film M8,Packaging,Kolkata,Jindal Pipes,14,16,256.33,4
P002222,PKG-0554,Industrial Stretch Film M8,Packaging,Delhi,Jindal Pipes,55,45,256.33,9
P002223,PLU-0555,Brass PVC Pipe 2.5mm,Plumbing,Delhi,Sri Lakshmi Supplies,368,100,231.10,10
P002224,PLU-0555,Brass PVC Pipe 2.5mm,Plumbing,Chennai,Sri Lakshmi Supplies,831,230,231.10,23
P002225,PLU-0555,Brass PVC Pipe 2.5mm,Plumbing,Hyderabad,Sri Lakshmi Supplies,76,35,231.10,5
P002226,PLU-0555,Brass PVC Pipe 2.5mm,Plumbing,Kolkata,Sri Lakshmi Supplies,392,171,231.10,19
P002227,PKG-0556,Galvanized Cardboard Box M8,Packaging,Hyderabad,Jindal Pipes,192,120,365.77,24
P002228,PKG-0556,Galvanized Cardboard Box M8,Packaging,Kolkata,Jindal Pipes,314,90,365.77,10
P002229,PKG-0556,Galvanized Cardboard Box M8,Packaging,Mumbai,Jindal Pipes,402,195,365.77,39
P002230,PKG-0556,Galvanized Cardboard Box M8,Packaging,Chennai,Jindal Pipes,240,144,365.77,16
P002231,PKG-0556,Galvanized Cardboard Box M8,Packaging,Delhi,Jindal Pipes,264,77,365.77,11
P002232,PLU-0557,Rubber Ball Valve M10,Plumbing,Kolkata,Kaveri Packaging,340,90,47.75,10
P002233,PLU-0557,Rubber Ball Valve M10,Plumbing,Hyderabad,Kaveri Packaging,196,196,47.75,28
P002234,PLU-0557,Rubber Ball Valve M10,Plumbing,Chennai,Kaveri Packaging,480,171,47.75,19
P002235,PLU-0557,Rubber Ball Valve M10,Plumbing,Delhi,Kaveri Packaging,426,190,47.75,19
P002236,PLU-0557,Rubber Ball Valve M10,Plumbing,Mumbai,Kaveri Packaging,5,5,47.75,1
P002237,PLU-0558,Rubber Teflon Tape M6,Plumbing,Chennai,Kaveri Packaging,312,156,214.03,39
P002238,PLU-0558,Rubber Teflon Tape M6,Plumbing,Hyderabad,Kaveri Packaging,102,42,214.03,14
P002239,PLU-0558,Rubber Teflon Tape M6,Plumbing,Delhi,Kaveri Packaging,111,111,214.03,37
P002240,PLU-0558,Rubber Teflon Tape M6,Plumbing,Mumbai,Kaveri Packaging,411,119,214.03,17
P002241,TOL-0559,Brass Claw Hammer 2.5mm,Tools,Delhi,Mahindra Tools,210,105,1345.02,15
P002242,TOL-0559,Brass Claw Hammer 2.5mm,Tools,Chennai,Mahindra Tools,125,125,1345.02,25
P002243,TOL-0559,Brass Claw Hammer 2.5mm,Tools,Kolkata,Mahindra Tools,138,52,1345.02,13
P002244,PKG-0560,Galvanized Packing Tape 25mm,Packaging,Hyderabad,Apex Industrial,54,54,37.78,18
P002245,PKG-0560,Galvanized Packing Tape 25mm,Packaging,Mumbai,Apex Industrial,99,42,37.78,14
P002246,PKG-0560,Galvanized Packing Tape 25mm,Packaging,Delhi,Apex Industrial,528,184,37.78,23
P002247,PKG-0560,Galvanized Packing Tape 25mm,Packaging,Kolkata,Apex Industrial,61,20,37.78,5
P002248,PLU-0561,Rubber Water Tap 25mm,Plumbing,Hyderabad,Kaveri Packaging,15,15,184.43,5
P002249,PLU-0561,Rubber Water Tap 25mm,Plumbing,Chennai,Kaveri Packaging,225,203,184.43,29
P002250,PLU-0561,Rubber Water Tap 25mm,Plumbing,Delhi,Kaveri Packaging,894,250,184.43,25
P002251,PLU-0561,Rubber Water Tap 25mm,Plumbing,Kolkata,Kaveri Packaging,54,54,184.43,9
P002252,FAS-0562,Rubber Flat Washer M10,Fasteners,Mumbai,Tata Steel Traders,66,35,311.76,7
P002253,FAS-0562,Rubber Flat Washer M10,Fasteners,Chennai,Tata Steel Traders,0,136,311.76,17
P002254,FAS-0562,Rubber Flat Washer M10,Fasteners,Kolkata,Tata Steel Traders,455,279,311.76,31
P002255,FAS-0562,Rubber Flat Washer M10,Fasteners,Hyderabad,Tata Steel Traders,0,184,311.76,23
P002256,FAS-0563,Zinc Anchor Bolt 1 inch,Fasteners,Chennai,Reliance Industrial,309,248,179.54,31
P002257,FAS-0563,Zinc Anchor Bolt 1 inch,Fasteners,Mumbai,Reliance Industrial,46,14,179.54,2
P002258,FAS-0563,Zinc Anchor Bolt 1 inch,Fasteners,Delhi,Reliance Industrial,630,190,179.54,38
P002259,FAS-0563,Zinc Anchor Bolt 1 inch,Fasteners,Kolkata,Reliance Industrial,90,65,179.54,13
P002260,ELE-0564,Heavy Duty Glass Fuse 50mm,Electrical,Mumbai,Anand Electricals,152,152,348.82,38
P002261,ELE-0564,Heavy Duty Glass Fuse 50mm,Electrical,Delhi,Anand Electricals,384,102,348.82,34
P002262,ELE-0564,Heavy Duty Glass Fuse 50mm,Electrical,Chennai,Anand Electricals,527,203,348.82,29
P002263,ELE-0564,Heavy Duty Glass Fuse 50mm,Electrical,Hyderabad,Anand Electricals,431,126,348.82,18
P002264,PKG-0565,Premium Packing Tape 25mm,Packaging,Mumbai,Jindal Pipes,88,44,69.33,11
P002265,PKG-0565,Premium Packing Tape 25mm,Packaging,Chennai,Jindal Pipes,342,342,69.33,38
P002266,PKG-0565,Premium Packing Tape 25mm,Packaging,Kolkata,Jindal Pipes,111,54,69.33,18
P002267,PKG-0565,Premium Packing Tape 25mm,Packaging,Hyderabad,Jindal Pipes,211,124,69.33,31
P002268,FAS-0566,Premium Rivet M10,Fasteners,Mumbai,Tata Steel Traders,155,155,192.15,31
P002269,FAS-0566,Premium Rivet M10,Fasteners,Chennai,Tata Steel Traders,122,80,192.15,20
P002270,FAS-0566,Premium Rivet M10,Fasteners,Kolkata,Tata Steel Traders,576,288,192.15,32
P002271,FAS-0566,Premium Rivet M10,Fasteners,Delhi,Tata Steel Traders,340,117,192.15,39
P002272,ELE-0567,Brass Cable Tie 25mm,Electrical,Delhi,Anand Electricals,332,224,459.01,32
P002273,ELE-0567,Brass Cable Tie 25mm,Electrical,Mumbai,Anand Electricals,1170,400,459.01,40
P002274,ELE-0567,Brass Cable Tie 25mm,Electrical,Chennai,Anand Electricals,929,296,459.01,37
P002275,ELE-0567,Brass Cable Tie 25mm,Electrical,Kolkata,Anand Electricals,392,108,459.01,18
P002276,ELE-0567,Brass Cable Tie 25mm,Electrical,Hyderabad,Anand Electricals,72,72,459.01,8
P002277,SAF-0568,Premium Safety Helmet M10,Safety,Kolkata,Larsen Fittings,184,120,285.66,40
P002278,SAF-0568,Premium Safety Helmet M10,Safety,Hyderabad,Larsen Fittings,147,147,285.66,21
P002279,SAF-0568,Premium Safety Helmet M10,Safety,Mumbai,Larsen Fittings,57,54,285.66,18
P002280,SAF-0568,Premium Safety Helmet M10,Safety,Delhi,Larsen Fittings,79,24,285.66,6
P002281,FAS-0569,Stainless Hex Nut M10,Fasteners,Kolkata,Tata Steel Traders,381,330,249.41,33
P002282,FAS-0569,Stainless Hex Nut M10,Fasteners,Chennai,Tata Steel Traders,40,40,249.41,4
P002283,FAS-0569,Stainless Hex Nut M10,Fasteners,Mumbai,Tata Steel Traders,91,32,249.41,4
P002284,PLU-0570,Heavy Duty Ball Valve 12mm,Plumbing,Kolkata,Sri Lakshmi Supplies,110,63,318.53,9
P002285,PLU-0570,Heavy Duty Ball Valve 12mm,Plumbing,Hyderabad,Sri Lakshmi Supplies,173,60,318.53,20
P002286,PLU-0570,Heavy Duty Ball Valve 12mm,Plumbing,Delhi,Sri Lakshmi Supplies,194,108,318.53,12
P002287,PLU-0570,Heavy Duty Ball Valve 12mm,Plumbing,Chennai,Sri Lakshmi Supplies,383,99,318.53,11
P002288,PLU-0570,Heavy Duty Ball Valve 12mm,Plumbing,Mumbai,Sri Lakshmi Supplies,479,312,318.53,39
P002289,SAF-0571,Brass Dust Mask 25mm,Safety,Chennai,Larsen Fittings,516,130,25.13,26
P002290,SAF-0571,Brass Dust Mask 25mm,Safety,Delhi,Larsen Fittings,331,240,25.13,24
P002291,SAF-0571,Brass Dust Mask 25mm,Safety,Mumbai,Larsen Fittings,350,150,25.13,30
P002292,PKG-0572,Industrial Cardboard Box 50mm,Packaging,Hyderabad,Apex Industrial,162,81,268.76,27
P002293,PKG-0572,Industrial Cardboard Box 50mm,Packaging,Kolkata,Apex Industrial,114,114,268.76,19
P002294,PKG-0572,Industrial Cardboard Box 50mm,Packaging,Delhi,Apex Industrial,40,20,268.76,4
P002295,PKG-0572,Industrial Cardboard Box 50mm,Packaging,Mumbai,Apex Industrial,8,8,268.76,2
P002296,PKG-0572,Industrial Cardboard Box 50mm,Packaging,Chennai,Apex Industrial,691,225,268.76,25
P002297,FAS-0573,Steel Rivet 50mm,Fasteners,Chennai,Tata Steel Traders,98,95,285.86,19
P002298,FAS-0573,Steel Rivet 50mm,Fasteners,Mumbai,Tata Steel Traders,446,280,285.86,28
P002299,FAS-0573,Steel Rivet 50mm,Fasteners,Hyderabad,Tata Steel Traders,472,252,285.86,28
P002300,FAS-0573,Steel Rivet 50mm,Fasteners,Delhi,Tata Steel Traders,91,69,285.86,23
P002301,FAS-0573,Steel Rivet 50mm,Fasteners,Kolkata,Tata Steel Traders,0,360,285.86,36
P002302,SAF-0574,Stainless Work Gloves M10,Safety,Kolkata,Havells Direct,77,76,76.25,19
P002303,SAF-0574,Stainless Work Gloves M10,Safety,Mumbai,Havells Direct,240,120,76.25,40
P002304,SAF-0574,Stainless Work Gloves M10,Safety,Hyderabad,Havells Direct,112,324,76.25,36
P002305,SAF-0574,Stainless Work Gloves M10,Safety,Chennai,Havells Direct,234,117,76.25,39
P002306,SAF-0574,Stainless Work Gloves M10,Safety,Delhi,Havells Direct,49,36,76.25,6
P002307,TOL-0575,Industrial Measuring Tape M8,Tools,Delhi,Godrej Safety,36,9,535.16,1
P002308,TOL-0575,Industrial Measuring Tape M8,Tools,Kolkata,Godrej Safety,786,208,535.16,26
P002309,TOL-0575,Industrial Measuring Tape M8,Tools,Hyderabad,Godrej Safety,77,63,535.16,7
P002310,TOL-0575,Industrial Measuring Tape M8,Tools,Chennai,Godrej Safety,496,296,535.16,37
P002311,TOL-0575,Industrial Measuring Tape M8,Tools,Mumbai,Godrej Safety,67,18,535.16,3
P002312,PLU-0576,Zinc Elbow Joint M8,Plumbing,Hyderabad,Kaveri Packaging,28,14,157.50,2
P002313,PLU-0576,Zinc Elbow Joint M8,Plumbing,Chennai,Kaveri Packaging,132,165,157.50,33
P002314,PLU-0576,Zinc Elbow Joint M8,Plumbing,Kolkata,Kaveri Packaging,223,133,157.50,19
P002315,PLU-0576,Zinc Elbow Joint M8,Plumbing,Delhi,Kaveri Packaging,176,88,157.50,22
P002316,SAF-0577,Zinc Dust Mask 12mm,Safety,Kolkata,Havells Direct,1186,320,370.19,40
P002317,SAF-0577,Zinc Dust Mask 12mm,Safety,Mumbai,Havells Direct,207,102,370.19,17
P002318,SAF-0577,Zinc Dust Mask 12mm,Safety,Chennai,Havells Direct,286,189,370.19,21
P002319,SAF-0577,Zinc Dust Mask 12mm,Safety,Delhi,Havells Direct,120,120,370.19,12
P002320,TOL-0578,Zinc Measuring Tape 1 inch,Tools,Mumbai,Mahindra Tools,36,36,980.97,9
P002321,TOL-0578,Zinc Measuring Tape 1 inch,Tools,Delhi,Mahindra Tools,322,161,980.97,23
P002322,TOL-0578,Zinc Measuring Tape 1 inch,Tools,Kolkata,Mahindra Tools,60,60,980.97,10
P002323,TOL-0578,Zinc Measuring Tape 1 inch,Tools,Hyderabad,Mahindra Tools,39,39,980.97,13
P002324,TOL-0578,Zinc Measuring Tape 1 inch,Tools,Chennai,Mahindra Tools,486,147,980.97,21
P002325,FAS-0579,Heavy Duty Rivet M8,Fasteners,Hyderabad,Tata Steel Traders,144,72,42.68,24
P002326,FAS-0579,Heavy Duty Rivet M8,Fasteners,Kolkata,Tata Steel Traders,108,54,42.68,18
P002327,FAS-0579,Heavy Duty Rivet M8,Fasteners,Mumbai,Tata Steel Traders,214,224,42.68,32
P002328,FAS-0579,Heavy Duty Rivet M8,Fasteners,Delhi,Tata Steel Traders,59,48,42.68,6
P002329,TOL-0580,Stainless Claw Hammer 50mm,Tools,Chennai,Godrej Safety,218,102,415.28,17
P002330,TOL-0580,Stainless Claw Hammer 50mm,Tools,Mumbai,Godrej Safety,45,12,415.28,2
P002331,TOL-0580,Stainless Claw Hammer 50mm,Tools,Delhi,Godrej Safety,220,56,415.28,8
P002332,TOL-0580,Stainless Claw Hammer 50mm,Tools,Kolkata,Godrej Safety,412,340,415.28,34
P002333,SAF-0581,Heavy Duty Safety Goggles 12mm,Safety,Delhi,Havells Direct,10,5,364.31,1
P002334,SAF-0581,Heavy Duty Safety Goggles 12mm,Safety,Chennai,Havells Direct,120,120,364.31,40
P002335,SAF-0581,Heavy Duty Safety Goggles 12mm,Safety,Kolkata,Havells Direct,639,288,364.31,36
P002336,SAF-0581,Heavy Duty Safety Goggles 12mm,Safety,Mumbai,Havells Direct,42,42,364.31,6
P002337,SAF-0581,Heavy Duty Safety Goggles 12mm,Safety,Hyderabad,Havells Direct,102,51,364.31,17
P002338,ELE-0582,Rubber Glass Fuse M8,Electrical,Chennai,Anand Electricals,74,42,903.00,7
P002339,ELE-0582,Rubber Glass Fuse M8,Electrical,Delhi,Anand Electricals,106,40,903.00,4
P002340,ELE-0582,Rubber Glass Fuse M8,Electrical,Mumbai,Anand Electricals,161,116,903.00,29
P002341,ELE-0582,Rubber Glass Fuse M8,Electrical,Hyderabad,Anand Electricals,253,152,903.00,19
P002342,SAF-0583,Steel Safety Helmet 12mm,Safety,Chennai,Larsen Fittings,51,40,348.58,8
P002343,SAF-0583,Steel Safety Helmet 12mm,Safety,Delhi,Larsen Fittings,8,6,348.58,1
P002344,SAF-0583,Steel Safety Helmet 12mm,Safety,Hyderabad,Larsen Fittings,327,108,348.58,27
P002345,SAF-0583,Steel Safety Helmet 12mm,Safety,Kolkata,Larsen Fittings,553,207,348.58,23
P002346,ELE-0584,Compact Switch Socket M8,Electrical,Kolkata,Bharat Hardware,72,72,810.76,24
P002347,ELE-0584,Compact Switch Socket M8,Electrical,Hyderabad,Bharat Hardware,369,144,810.76,16
P002348,ELE-0584,Compact Switch Socket M8,Electrical,Delhi,Bharat Hardware,136,136,810.76,17
P002349,ELE-0584,Compact Switch Socket M8,Electrical,Mumbai,Bharat Hardware,265,250,810.76,25
P002350,SAF-0585,Premium Safety Goggles 25mm,Safety,Kolkata,Havells Direct,44,44,277.37,11
P002351,SAF-0585,Premium Safety Goggles 25mm,Safety,Mumbai,Havells Direct,36,9,277.37,1
P002352,SAF-0585,Premium Safety Goggles 25mm,Safety,Delhi,Havells Direct,288,100,277.37,25
P002353,SAF-0585,Premium Safety Goggles 25mm,Safety,Hyderabad,Havells Direct,291,84,277.37,21
P002354,SAF-0585,Premium Safety Goggles 25mm,Safety,Chennai,Havells Direct,190,48,277.37,12
P002355,PKG-0586,Compact Bubble Wrap 12mm,Packaging,Mumbai,Apex Industrial,865,296,27.15,37
P002356,PKG-0586,Compact Bubble Wrap 12mm,Packaging,Delhi,Apex Industrial,160,55,27.15,11
P002357,PKG-0586,Compact Bubble Wrap 12mm,Packaging,Hyderabad,Apex Industrial,319,120,27.15,15
P002358,PKG-0586,Compact Bubble Wrap 12mm,Packaging,Kolkata,Apex Industrial,549,155,27.15,31
P002359,PKG-0586,Compact Bubble Wrap 12mm,Packaging,Chennai,Apex Industrial,96,42,27.15,14
P002360,FAS-0587,Heavy Duty Rivet 12mm,Fasteners,Mumbai,Reliance Industrial,145,50,141.70,10
P002361,FAS-0587,Heavy Duty Rivet 12mm,Fasteners,Kolkata,Reliance Industrial,320,120,141.70,24
P002362,FAS-0587,Heavy Duty Rivet 12mm,Fasteners,Hyderabad,Reliance Industrial,98,60,141.70,15
P002363,FAS-0587,Heavy Duty Rivet 12mm,Fasteners,Chennai,Reliance Industrial,312,135,141.70,15
P002364,FAS-0587,Heavy Duty Rivet 12mm,Fasteners,Delhi,Reliance Industrial,485,144,141.70,18
P002365,TOL-0588,Brass Adjustable Spanner M8,Tools,Delhi,Godrej Safety,47,15,345.82,3
P002366,TOL-0588,Brass Adjustable Spanner M8,Tools,Kolkata,Godrej Safety,21,8,345.82,1
P002367,TOL-0588,Brass Adjustable Spanner M8,Tools,Chennai,Godrej Safety,294,182,345.82,26
P002368,TOL-0588,Brass Adjustable Spanner M8,Tools,Mumbai,Godrej Safety,136,36,345.82,6
P002369,SAF-0589,Galvanized Ear Plug M8,Safety,Mumbai,Havells Direct,385,156,240.70,26
P002370,SAF-0589,Galvanized Ear Plug M8,Safety,Kolkata,Havells Direct,56,56,240.70,7
P002371,SAF-0589,Galvanized Ear Plug M8,Safety,Delhi,Havells Direct,16,16,240.70,4
P002372,SAF-0589,Galvanized Ear Plug M8,Safety,Hyderabad,Havells Direct,252,245,240.70,35
P002373,SAF-0590,Compact Work Gloves 12mm,Safety,Chennai,Havells Direct,546,370,170.35,37
P002374,SAF-0590,Compact Work Gloves 12mm,Safety,Kolkata,Havells Direct,215,57,170.35,19
P002375,SAF-0590,Compact Work Gloves 12mm,Safety,Hyderabad,Havells Direct,50,25,170.35,5
P002376,SAF-0590,Compact Work Gloves 12mm,Safety,Mumbai,Havells Direct,242,100,170.35,25
P002377,SAF-0590,Compact Work Gloves 12mm,Safety,Delhi,Havells Direct,100,100,170.35,20
P002378,ELE-0591,Stainless Cable Tie 50mm,Electrical,Mumbai,Anand Electricals,116,30,87.85,10
P002379,ELE-0591,Stainless Cable Tie 50mm,Electrical,Kolkata,Anand Electricals,12,12,87.85,3
P002380,ELE-0591,Stainless Cable Tie 50mm,Electrical,Chennai,Anand Electricals,1093,288,87.85,36
P002381,ELE-0591,Stainless Cable Tie 50mm,Electrical,Delhi,Anand Electricals,927,297,87.85,33
P002382,ELE-0591,Stainless Cable Tie 50mm,Electrical,Hyderabad,Anand Electricals,469,168,87.85,28
P002383,PKG-0592,Zinc Label Roll 50mm,Packaging,Delhi,Apex Industrial,47,28,297.50,7
P002384,PKG-0592,Zinc Label Roll 50mm,Packaging,Chennai,Apex Industrial,57,21,297.50,3
P002385,PKG-0592,Zinc Label Roll 50mm,Packaging,Hyderabad,Apex Industrial,843,234,297.50,26
P002386,PKG-0592,Zinc Label Roll 50mm,Packaging,Kolkata,Apex Industrial,170,111,297.50,37
P002387,PKG-0592,Zinc Label Roll 50mm,Packaging,Mumbai,Apex Industrial,40,40,297.50,10
P002388,TOL-0593,Compact Screwdriver Set M10,Tools,Mumbai,Mahindra Tools,300,300,1380.53,30
P002389,TOL-0593,Compact Screwdriver Set M10,Tools,Hyderabad,Mahindra Tools,1078,360,1380.53,40
P002390,TOL-0593,Compact Screwdriver Set M10,Tools,Delhi,Mahindra Tools,171,171,1380.53,19
P002391,TOL-0593,Compact Screwdriver Set M10,Tools,Kolkata,Mahindra Tools,216,108,1380.53,36
P002392,TOL-0593,Compact Screwdriver Set M10,Tools,Chennai,Mahindra Tools,112,56,1380.53,7
P002393,FAS-0594,Brass Anchor Bolt 2.5mm,Fasteners,Chennai,Tata Steel Traders,331,84,333.93,12
P002394,FAS-0594,Brass Anchor Bolt 2.5mm,Fasteners,Mumbai,Tata Steel Traders,575,306,333.93,34
P002395,FAS-0594,Brass Anchor Bolt 2.5mm,Fasteners,Hyderabad,Tata Steel Traders,172,96,333.93,12
P002396,FAS-0594,Brass Anchor Bolt 2.5mm,Fasteners,Delhi,Tata Steel Traders,260,120,333.93,20
P002397,FAS-0594,Brass Anchor Bolt 2.5mm,Fasteners,Kolkata,Tata Steel Traders,42,24,333.93,6
P002398,PKG-0595,Steel Cardboard Box M6,Packaging,Chennai,Jindal Pipes,146,50,182.09,10
P002399,PKG-0595,Steel Cardboard Box M6,Packaging,Delhi,Jindal Pipes,281,78,182.09,26
P002400,PKG-0595,Steel Cardboard Box M6,Packaging,Mumbai,Jindal Pipes,26,10,182.09,1
P002401,PKG-0595,Steel Cardboard Box M6,Packaging,Hyderabad,Jindal Pipes,1174,320,182.09,32
P002402,FAS-0596,Industrial Flat Washer 12mm,Fasteners,Hyderabad,Reliance Industrial,13,5,74.33,1
P002403,FAS-0596,Industrial Flat Washer 12mm,Fasteners,Chennai,Reliance Industrial,202,96,74.33,32
P002404,FAS-0596,Industrial Flat Washer 12mm,Fasteners,Kolkata,Reliance Industrial,204,99,74.33,11
P002405,FAS-0596,Industrial Flat Washer 12mm,Fasteners,Delhi,Reliance Industrial,964,320,74.33,32
P002406,ELE-0597,Steel Copper Wire 12mm,Electrical,Delhi,Anand Electricals,107,75,717.77,25
P002407,ELE-0597,Steel Copper Wire 12mm,Electrical,Mumbai,Anand Electricals,245,245,717.77,35
P002408,ELE-0597,Steel Copper Wire 12mm,Electrical,Hyderabad,Anand Electricals,404,130,717.77,13
P002409,ELE-0597,Steel Copper Wire 12mm,Electrical,Chennai,Anand Electricals,234,90,717.77,18
P002410,ELE-0597,Steel Copper Wire 12mm,Electrical,Kolkata,Anand Electricals,371,154,717.77,22
P002411,FAS-0598,Compact Anchor Bolt 1 inch,Fasteners,Kolkata,Tata Steel Traders,784,280,272.89,35
P002412,FAS-0598,Compact Anchor Bolt 1 inch,Fasteners,Delhi,Tata Steel Traders,471,216,272.89,36
P002413,FAS-0598,Compact Anchor Bolt 1 inch,Fasteners,Chennai,Tata Steel Traders,76,20,272.89,4
P002414,FAS-0599,Galvanized Wood Screw M6,Fasteners,Chennai,Reliance Industrial,447,240,127.82,30
P002415,FAS-0599,Galvanized Wood Screw M6,Fasteners,Hyderabad,Reliance Industrial,2,91,127.82,13
P002416,FAS-0599,Galvanized Wood Screw M6,Fasteners,Delhi,Reliance Industrial,264,132,127.82,33
P002417,FAS-0599,Galvanized Wood Screw M6,Fasteners,Kolkata,Reliance Industrial,0,45,127.82,15
P002418,FAS-0600,Premium Hex Bolt 12mm,Fasteners,Kolkata,Reliance Industrial,62,42,85.41,14
P002419,FAS-0600,Premium Hex Bolt 12mm,Fasteners,Mumbai,Reliance Industrial,104,64,85.41,16
P002420,FAS-0600,Premium Hex Bolt 12mm,Fasteners,Hyderabad,Reliance Industrial,778,224,85.41,28
P002421,PLU-0601,Galvanized Ball Valve 25mm,Plumbing,Kolkata,Sri Lakshmi Supplies,126,63,182.10,7
P002422,PLU-0601,Galvanized Ball Valve 25mm,Plumbing,Mumbai,Sri Lakshmi Supplies,43,156,182.10,39
P002423,PLU-0601,Galvanized Ball Valve 25mm,Plumbing,Delhi,Sri Lakshmi Supplies,119,63,182.10,7
P002424,PLU-0601,Galvanized Ball Valve 25mm,Plumbing,Hyderabad,Sri Lakshmi Supplies,256,192,182.10,24
P002425,PLU-0602,Galvanized Water Tap M6,Plumbing,Chennai,Kaveri Packaging,637,252,29.66,36
P002426,PLU-0602,Galvanized Water Tap M6,Plumbing,Mumbai,Kaveri Packaging,1459,370,29.66,37
P002427,PLU-0602,Galvanized Water Tap M6,Plumbing,Delhi,Kaveri Packaging,238,119,29.66,17
P002428,PLU-0602,Galvanized Water Tap M6,Plumbing,Kolkata,Kaveri Packaging,92,24,29.66,6
P002429,PKG-0603,Industrial Packing Tape 12mm,Packaging,Chennai,Apex Industrial,692,200,59.94,20
P002430,PKG-0603,Industrial Packing Tape 12mm,Packaging,Delhi,Apex Industrial,139,128,59.94,32
P002431,PKG-0603,Industrial Packing Tape 12mm,Packaging,Kolkata,Apex Industrial,475,132,59.94,33
P002432,PKG-0603,Industrial Packing Tape 12mm,Packaging,Hyderabad,Apex Industrial,374,185,59.94,37
P002433,PKG-0604,Steel Packing Tape 25mm,Packaging,Chennai,Apex Industrial,63,63,145.13,7
P002434,PKG-0604,Steel Packing Tape 25mm,Packaging,Hyderabad,Apex Industrial,305,80,145.13,10
P002435,PKG-0604,Steel Packing Tape 25mm,Packaging,Kolkata,Apex Industrial,328,84,145.13,14
P002436,TOL-0605,Zinc Measuring Tape M8,Tools,Chennai,Godrej Safety,498,210,805.52,30
P002437,TOL-0605,Zinc Measuring Tape M8,Tools,Kolkata,Godrej Safety,49,40,805.52,4
P002438,TOL-0605,Zinc Measuring Tape M8,Tools,Mumbai,Godrej Safety,177,144,805.52,16
P002439,PLU-0606,Industrial Elbow Joint 1 inch,Plumbing,Chennai,Sri Lakshmi Supplies,64,18,393.80,2
P002440,PLU-0606,Industrial Elbow Joint 1 inch,Plumbing,Kolkata,Sri Lakshmi Supplies,303,88,393.80,22
P002441,PLU-0606,Industrial Elbow Joint 1 inch,Plumbing,Mumbai,Sri Lakshmi Supplies,128,32,393.80,4
P002442,FAS-0607,Rubber Anchor Bolt 12mm,Fasteners,Kolkata,Reliance Industrial,57,57,22.96,19
P002443,FAS-0607,Rubber Anchor Bolt 12mm,Fasteners,Chennai,Reliance Industrial,169,80,22.96,10
P002444,FAS-0607,Rubber Anchor Bolt 12mm,Fasteners,Delhi,Reliance Industrial,384,192,22.96,32
P002445,FAS-0608,Compact Rivet 50mm,Fasteners,Mumbai,Reliance Industrial,0,248,234.15,31
P002446,FAS-0608,Compact Rivet 50mm,Fasteners,Kolkata,Reliance Industrial,527,333,234.15,37
P002447,FAS-0608,Compact Rivet 50mm,Fasteners,Hyderabad,Reliance Industrial,160,96,234.15,32
P002448,PKG-0609,Industrial Bubble Wrap 12mm,Packaging,Hyderabad,Apex Industrial,692,224,152.24,32
P002449,PKG-0609,Industrial Bubble Wrap 12mm,Packaging,Chennai,Apex Industrial,43,40,152.24,4
P002450,PKG-0609,Industrial Bubble Wrap 12mm,Packaging,Mumbai,Apex Industrial,45,45,152.24,9
P002451,PLU-0610,Rubber Elbow Joint M8,Plumbing,Mumbai,Sri Lakshmi Supplies,206,90,95.25,30
P002452,PLU-0610,Rubber Elbow Joint M8,Plumbing,Hyderabad,Sri Lakshmi Supplies,98,28,95.25,7
P002453,PLU-0610,Rubber Elbow Joint M8,Plumbing,Kolkata,Sri Lakshmi Supplies,197,182,95.25,26
P002454,PLU-0610,Rubber Elbow Joint M8,Plumbing,Delhi,Sri Lakshmi Supplies,67,33,95.25,11
P002455,PLU-0610,Rubber Elbow Joint M8,Plumbing,Chennai,Sri Lakshmi Supplies,77,36,95.25,9
P002456,SAF-0611,Zinc Safety Goggles 2.5mm,Safety,Mumbai,Larsen Fittings,120,120,59.88,24
P002457,SAF-0611,Zinc Safety Goggles 2.5mm,Safety,Chennai,Larsen Fittings,118,30,59.88,3
P002458,SAF-0611,Zinc Safety Goggles 2.5mm,Safety,Hyderabad,Larsen Fittings,190,190,59.88,38
P002459,SAF-0611,Zinc Safety Goggles 2.5mm,Safety,Kolkata,Larsen Fittings,341,182,59.88,26
P002460,SAF-0611,Zinc Safety Goggles 2.5mm,Safety,Delhi,Larsen Fittings,308,138,59.88,23
P002461,FAS-0612,Steel Wood Screw M6,Fasteners,Chennai,Reliance Industrial,60,280,342.14,40
P002462,FAS-0612,Steel Wood Screw M6,Fasteners,Kolkata,Reliance Industrial,546,370,342.14,37
P002463,FAS-0612,Steel Wood Screw M6,Fasteners,Hyderabad,Reliance Industrial,72,36,342.14,12
P002464,PKG-0613,Heavy Duty Pallet Strap 1 inch,Packaging,Delhi,Apex Industrial,274,207,223.10,23
P002465,PKG-0613,Heavy Duty Pallet Strap 1 inch,Packaging,Hyderabad,Apex Industrial,617,350,223.10,35
P002466,PKG-0613,Heavy Duty Pallet Strap 1 inch,Packaging,Kolkata,Apex Industrial,182,102,223.10,34
P002467,PKG-0613,Heavy Duty Pallet Strap 1 inch,Packaging,Chennai,Apex Industrial,20,20,223.10,2
P002468,PKG-0613,Heavy Duty Pallet Strap 1 inch,Packaging,Mumbai,Apex Industrial,649,272,223.10,34
P002469,SAF-0614,Heavy Duty Safety Goggles 50mm,Safety,Chennai,Havells Direct,75,75,72.63,25
P002470,SAF-0614,Heavy Duty Safety Goggles 50mm,Safety,Delhi,Havells Direct,80,80,72.63,10
P002471,SAF-0614,Heavy Duty Safety Goggles 50mm,Safety,Hyderabad,Havells Direct,255,111,72.63,37
P002472,SAF-0614,Heavy Duty Safety Goggles 50mm,Safety,Kolkata,Havells Direct,12,12,72.63,3
P002473,PKG-0615,Rubber Cardboard Box 12mm,Packaging,Kolkata,Apex Industrial,416,110,269.98,22
P002474,PKG-0615,Rubber Cardboard Box 12mm,Packaging,Chennai,Apex Industrial,355,270,269.98,30
P002475,PKG-0615,Rubber Cardboard Box 12mm,Packaging,Hyderabad,Apex Industrial,371,140,269.98,20
P002476,PKG-0615,Rubber Cardboard Box 12mm,Packaging,Mumbai,Apex Industrial,172,84,269.98,12
P002477,TOL-0616,Rubber Screwdriver Set 12mm,Tools,Delhi,Godrej Safety,141,100,1570.26,10
P002478,TOL-0616,Rubber Screwdriver Set 12mm,Tools,Kolkata,Godrej Safety,364,132,1570.26,22
P002479,TOL-0616,Rubber Screwdriver Set 12mm,Tools,Chennai,Godrej Safety,180,180,1570.26,20
P002480,TOL-0616,Rubber Screwdriver Set 12mm,Tools,Mumbai,Godrej Safety,311,102,1570.26,34
P002481,ELE-0617,Brass Circuit Breaker 12mm,Electrical,Hyderabad,Bharat Hardware,175,175,45.93,25
P002482,ELE-0617,Brass Circuit Breaker 12mm,Electrical,Mumbai,Bharat Hardware,309,273,45.93,39
P002483,ELE-0617,Brass Circuit Breaker 12mm,Electrical,Kolkata,Bharat Hardware,78,78,45.93,26
P002484,ELE-0617,Brass Circuit Breaker 12mm,Electrical,Chennai,Bharat Hardware,1067,324,45.93,36
P002485,ELE-0617,Brass Circuit Breaker 12mm,Electrical,Delhi,Bharat Hardware,190,95,45.93,19
P002486,TOL-0618,Galvanized Hacksaw Blade M8,Tools,Delhi,Godrej Safety,258,102,1620.42,17
P002487,TOL-0618,Galvanized Hacksaw Blade M8,Tools,Hyderabad,Godrej Safety,269,168,1620.42,28
P002488,TOL-0618,Galvanized Hacksaw Blade M8,Tools,Chennai,Godrej Safety,192,192,1620.42,32
P002489,ELE-0619,Brass Switch Socket 50mm,Electrical,Mumbai,Bharat Hardware,235,152,57.02,19
P002490,ELE-0619,Brass Switch Socket 50mm,Electrical,Hyderabad,Bharat Hardware,478,200,57.02,25
P002491,ELE-0619,Brass Switch Socket 50mm,Electrical,Chennai,Bharat Hardware,183,144,57.02,16
P002492,SAF-0620,Premium Dust Mask M10,Safety,Delhi,Larsen Fittings,90,52,153.93,13
P002493,SAF-0620,Premium Dust Mask M10,Safety,Mumbai,Larsen Fittings,176,156,153.93,39
P002494,SAF-0620,Premium Dust Mask M10,Safety,Kolkata,Larsen Fittings,259,96,153.93,12
P002495,SAF-0620,Premium Dust Mask M10,Safety,Hyderabad,Larsen Fittings,798,224,153.93,32
P002496,FAS-0621,Stainless Flat Washer 12mm,Fasteners,Mumbai,Reliance Industrial,482,231,64.83,33
P002497,FAS-0621,Stainless Flat Washer 12mm,Fasteners,Delhi,Reliance Industrial,441,126,64.83,14
P002498,FAS-0621,Stainless Flat Washer 12mm,Fasteners,Kolkata,Reliance Industrial,197,81,64.83,9
P002499,FAS-0621,Stainless Flat Washer 12mm,Fasteners,Hyderabad,Reliance Industrial,80,75,64.83,25
P002500,FAS-0621,Stainless Flat Washer 12mm,Fasteners,Chennai,Reliance Industrial,161,54,64.83,18
P002501,TOL-0622,Heavy Duty Measuring Tape M8,Tools,Hyderabad,Godrej Safety,108,54,805.01,18
P002502,TOL-0622,Heavy Duty Measuring Tape M8,Tools,Mumbai,Godrej Safety,137,203,805.01,29
P002503,TOL-0622,Heavy Duty Measuring Tape M8,Tools,Chennai,Godrej Safety,51,105,805.01,15
P002504,ELE-0623,Zinc Glass Fuse M10,Electrical,Hyderabad,Anand Electricals,201,93,144.84,31
P002505,ELE-0623,Zinc Glass Fuse M10,Electrical,Mumbai,Anand Electricals,56,15,144.84,3
P002506,ELE-0623,Zinc Glass Fuse M10,Electrical,Kolkata,Anand Electricals,329,120,144.84,30
P002507,TOL-0624,Zinc Drill Bit 2.5mm,Tools,Delhi,Godrej Safety,145,140,1275.64,20
P002508,TOL-0624,Zinc Drill Bit 2.5mm,Tools,Mumbai,Godrej Safety,48,24,1275.64,3
P002509,TOL-0624,Zinc Drill Bit 2.5mm,Tools,Chennai,Godrej Safety,286,140,1275.64,14
P002510,TOL-0624,Zinc Drill Bit 2.5mm,Tools,Hyderabad,Godrej Safety,302,304,1275.64,38
P002511,ELE-0625,Stainless LED Bulb 50mm,Electrical,Delhi,Anand Electricals,410,189,795.13,21
P002512,ELE-0625,Stainless LED Bulb 50mm,Electrical,Hyderabad,Anand Electricals,60,60,795.13,6
P002513,ELE-0625,Stainless LED Bulb 50mm,Electrical,Mumbai,Anand Electricals,474,266,795.13,38
P002514,ELE-0625,Stainless LED Bulb 50mm,Electrical,Kolkata,Anand Electricals,143,108,795.13,36
P002515,ELE-0625,Stainless LED Bulb 50mm,Electrical,Chennai,Anand Electricals,89,48,795.13,16
P002516,PLU-0626,Stainless Elbow Joint 50mm,Plumbing,Mumbai,Kaveri Packaging,64,64,75.97,8
P002517,PLU-0626,Stainless Elbow Joint 50mm,Plumbing,Kolkata,Kaveri Packaging,595,288,75.97,32
P002518,PLU-0626,Stainless Elbow Joint 50mm,Plumbing,Hyderabad,Kaveri Packaging,60,48,75.97,6
P002519,ELE-0627,Industrial LED Bulb M10,Electrical,Chennai,Bharat Hardware,293,133,534.66,19
P002520,ELE-0627,Industrial LED Bulb M10,Electrical,Delhi,Bharat Hardware,274,78,534.66,26
P002521,ELE-0627,Industrial LED Bulb M10,Electrical,Hyderabad,Bharat Hardware,855,252,534.66,28
P002522,PKG-0628,Zinc Pallet Strap 50mm,Packaging,Kolkata,Apex Industrial,30,36,143.33,9
P002523,PKG-0628,Zinc Pallet Strap 50mm,Packaging,Delhi,Apex Industrial,378,189,143.33,21
P002524,PKG-0628,Zinc Pallet Strap 50mm,Packaging,Mumbai,Apex Industrial,100,119,143.33,17
P002525,PKG-0628,Zinc Pallet Strap 50mm,Packaging,Hyderabad,Apex Industrial,432,216,143.33,24
P002526,PKG-0628,Zinc Pallet Strap 50mm,Packaging,Chennai,Apex Industrial,0,162,143.33,27
P002527,SAF-0629,Brass Safety Goggles M8,Safety,Mumbai,Havells Direct,408,210,165.29,21
P002528,SAF-0629,Brass Safety Goggles M8,Safety,Chennai,Havells Direct,549,154,165.29,22
P002529,SAF-0629,Brass Safety Goggles M8,Safety,Kolkata,Havells Direct,72,54,165.29,6
P002530,PLU-0630,Industrial Elbow Joint M8,Plumbing,Delhi,Kaveri Packaging,90,90,250.71,10
P002531,PLU-0630,Industrial Elbow Joint M8,Plumbing,Mumbai,Kaveri Packaging,242,225,250.71,25
P002532,PLU-0630,Industrial Elbow Joint M8,Plumbing,Hyderabad,Kaveri Packaging,24,12,250.71,4
P002533,PLU-0630,Industrial Elbow Joint M8,Plumbing,Chennai,Kaveri Packaging,234,66,250.71,22
P002534,PLU-0630,Industrial Elbow Joint M8,Plumbing,Kolkata,Kaveri Packaging,139,54,250.71,18
P002535,FAS-0631,Compact Hex Bolt M10,Fasteners,Chennai,Tata Steel Traders,136,180,151.94,18
P002536,FAS-0631,Compact Hex Bolt M10,Fasteners,Delhi,Tata Steel Traders,120,60,151.94,20
P002537,FAS-0631,Compact Hex Bolt M10,Fasteners,Hyderabad,Tata Steel Traders,180,90,151.94,15
P002538,FAS-0631,Compact Hex Bolt M10,Fasteners,Kolkata,Tata Steel Traders,3,30,151.94,6
P002539,PLU-0632,Premium Elbow Joint 1 inch,Plumbing,Delhi,Sri Lakshmi Supplies,473,270,330.36,30
P002540,PLU-0632,Premium Elbow Joint 1 inch,Plumbing,Hyderabad,Sri Lakshmi Supplies,200,100,330.36,25
P002541,PLU-0632,Premium Elbow Joint 1 inch,Plumbing,Chennai,Sri Lakshmi Supplies,74,150,330.36,25
P002542,PLU-0632,Premium Elbow Joint 1 inch,Plumbing,Kolkata,Sri Lakshmi Supplies,236,180,330.36,18
P002543,PLU-0632,Premium Elbow Joint 1 inch,Plumbing,Mumbai,Sri Lakshmi Supplies,251,297,330.36,33
P002544,PKG-0633,Stainless Cardboard Box M6,Packaging,Delhi,Apex Industrial,392,196,173.19,28
P002545,PKG-0633,Stainless Cardboard Box M6,Packaging,Hyderabad,Apex Industrial,153,153,173.19,17
P002546,PKG-0633,Stainless Cardboard Box M6,Packaging,Chennai,Apex Industrial,697,216,173.19,36
P002547,TOL-0634,Galvanized Measuring Tape M6,Tools,Hyderabad,Mahindra Tools,162,95,110.51,19
P002548,TOL-0634,Galvanized Measuring Tape M6,Tools,Chennai,Mahindra Tools,172,128,110.51,16
P002549,TOL-0634,Galvanized Measuring Tape M6,Tools,Delhi,Mahindra Tools,17,6,110.51,1
P002550,TOL-0634,Galvanized Measuring Tape M6,Tools,Mumbai,Mahindra Tools,312,112,110.51,16
P002551,TOL-0634,Galvanized Measuring Tape M6,Tools,Kolkata,Mahindra Tools,517,230,110.51,23
P002552,PLU-0635,Rubber Teflon Tape 50mm,Plumbing,Chennai,Kaveri Packaging,486,148,84.22,37
P002553,PLU-0635,Rubber Teflon Tape 50mm,Plumbing,Hyderabad,Kaveri Packaging,497,207,84.22,23
P002554,PLU-0635,Rubber Teflon Tape 50mm,Plumbing,Kolkata,Kaveri Packaging,251,96,84.22,16
P002555,FAS-0636,Galvanized Hex Nut 2.5mm,Fasteners,Delhi,Reliance Industrial,231,144,246.81,18
P002556,FAS-0636,Galvanized Hex Nut 2.5mm,Fasteners,Chennai,Reliance Industrial,47,32,246.81,8
P002557,FAS-0636,Galvanized Hex Nut 2.5mm,Fasteners,Mumbai,Reliance Industrial,595,252,246.81,28
P002558,FAS-0636,Galvanized Hex Nut 2.5mm,Fasteners,Kolkata,Reliance Industrial,198,108,246.81,18
P002559,FAS-0637,Zinc Hex Nut 2.5mm,Fasteners,Mumbai,Tata Steel Traders,666,333,303.59,37
P002560,FAS-0637,Zinc Hex Nut 2.5mm,Fasteners,Hyderabad,Tata Steel Traders,186,240,303.59,30
P002561,FAS-0637,Zinc Hex Nut 2.5mm,Fasteners,Chennai,Tata Steel Traders,117,320,303.59,40
P002562,FAS-0637,Zinc Hex Nut 2.5mm,Fasteners,Kolkata,Tata Steel Traders,109,108,303.59,12
P002563,FAS-0637,Zinc Hex Nut 2.5mm,Fasteners,Delhi,Tata Steel Traders,100,160,303.59,40
P002564,PKG-0638,Compact Bubble Wrap M10,Packaging,Chennai,Jindal Pipes,393,266,345.88,38
P002565,PKG-0638,Compact Bubble Wrap M10,Packaging,Delhi,Jindal Pipes,238,132,345.88,22
P002566,PKG-0638,Compact Bubble Wrap M10,Packaging,Hyderabad,Jindal Pipes,159,114,345.88,38
P002567,PKG-0638,Compact Bubble Wrap M10,Packaging,Mumbai,Jindal Pipes,651,200,345.88,20
P002568,ELE-0639,Stainless Cable Tie 1 inch,Electrical,Chennai,Anand Electricals,625,170,465.82,34
P002569,ELE-0639,Stainless Cable Tie 1 inch,Electrical,Hyderabad,Anand Electricals,177,117,465.82,13
P002570,ELE-0639,Stainless Cable Tie 1 inch,Electrical,Delhi,Anand Electricals,14,4,465.82,1
P002571,ELE-0639,Stainless Cable Tie 1 inch,Electrical,Kolkata,Anand Electricals,690,243,465.82,27
P002572,PKG-0640,Industrial Pallet Strap 25mm,Packaging,Mumbai,Apex Industrial,209,112,66.69,28
P002573,PKG-0640,Industrial Pallet Strap 25mm,Packaging,Chennai,Apex Industrial,129,108,66.69,36
P002574,PKG-0640,Industrial Pallet Strap 25mm,Packaging,Hyderabad,Apex Industrial,567,230,66.69,23
P002575,FAS-0641,Compact Rivet 2.5mm,Fasteners,Kolkata,Reliance Industrial,104,52,234.00,13
P002576,FAS-0641,Compact Rivet 2.5mm,Fasteners,Delhi,Reliance Industrial,68,64,234.00,16
P002577,FAS-0641,Compact Rivet 2.5mm,Fasteners,Hyderabad,Reliance Industrial,139,190,234.00,38
P002578,SAF-0642,Brass Ear Plug 12mm,Safety,Mumbai,Larsen Fittings,8,8,319.00,1
P002579,SAF-0642,Brass Ear Plug 12mm,Safety,Kolkata,Larsen Fittings,54,39,319.00,13
P002580,SAF-0642,Brass Ear Plug 12mm,Safety,Hyderabad,Larsen Fittings,227,108,319.00,36
P002581,SAF-0642,Brass Ear Plug 12mm,Safety,Delhi,Larsen Fittings,9,9,319.00,3
P002582,PLU-0643,Industrial Teflon Tape 25mm,Plumbing,Kolkata,Sri Lakshmi Supplies,36,36,235.98,9
P002583,PLU-0643,Industrial Teflon Tape 25mm,Plumbing,Hyderabad,Sri Lakshmi Supplies,188,80,235.98,10
P002584,PLU-0643,Industrial Teflon Tape 25mm,Plumbing,Chennai,Sri Lakshmi Supplies,230,230,235.98,23
P002585,PLU-0643,Industrial Teflon Tape 25mm,Plumbing,Delhi,Sri Lakshmi Supplies,21,7,235.98,1
P002586,SAF-0644,Brass Safety Helmet 25mm,Safety,Delhi,Havells Direct,400,104,300.44,13
P002587,SAF-0644,Brass Safety Helmet 25mm,Safety,Hyderabad,Havells Direct,179,88,300.44,11
P002588,SAF-0644,Brass Safety Helmet 25mm,Safety,Chennai,Havells Direct,105,70,300.44,7
P002589,SAF-0644,Brass Safety Helmet 25mm,Safety,Mumbai,Havells Direct,148,60,300.44,6
P002590,FAS-0645,Rubber Hex Nut 2.5mm,Fasteners,Delhi,Tata Steel Traders,594,210,312.46,35
P002591,FAS-0645,Rubber Hex Nut 2.5mm,Fasteners,Mumbai,Tata Steel Traders,355,128,312.46,16
P002592,FAS-0645,Rubber Hex Nut 2.5mm,Fasteners,Kolkata,Tata Steel Traders,42,20,312.46,2
P002593,FAS-0645,Rubber Hex Nut 2.5mm,Fasteners,Chennai,Tata Steel Traders,301,100,312.46,20
P002594,FAS-0645,Rubber Hex Nut 2.5mm,Fasteners,Hyderabad,Tata Steel Traders,1136,350,312.46,35
P002595,ELE-0646,Rubber Switch Socket 1 inch,Electrical,Mumbai,Anand Electricals,30,15,558.89,3
P002596,ELE-0646,Rubber Switch Socket 1 inch,Electrical,Hyderabad,Anand Electricals,36,36,558.89,4
P002597,ELE-0646,Rubber Switch Socket 1 inch,Electrical,Delhi,Anand Electricals,19,10,558.89,1
P002598,ELE-0646,Rubber Switch Socket 1 inch,Electrical,Kolkata,Anand Electricals,298,114,558.89,38
P002599,SAF-0647,Zinc Safety Goggles 1 inch,Safety,Delhi,Larsen Fittings,17,7,36.00,1
P002600,SAF-0647,Zinc Safety Goggles 1 inch,Safety,Hyderabad,Larsen Fittings,115,115,36.00,23
P002601,SAF-0647,Zinc Safety Goggles 1 inch,Safety,Chennai,Larsen Fittings,703,400,36.00,40
P002602,SAF-0647,Zinc Safety Goggles 1 inch,Safety,Kolkata,Larsen Fittings,105,84,36.00,21
P002603,TOL-0648,Zinc Claw Hammer M8,Tools,Mumbai,Godrej Safety,22,36,1420.39,4
P002604,TOL-0648,Zinc Claw Hammer M8,Tools,Kolkata,Godrej Safety,90,45,1420.39,5
P002605,TOL-0648,Zinc Claw Hammer M8,Tools,Hyderabad,Godrej Safety,14,12,1420.39,3
P002606,PLU-0649,Stainless Water Tap 25mm,Plumbing,Chennai,Kaveri Packaging,634,222,341.20,37
P002607,PLU-0649,Stainless Water Tap 25mm,Plumbing,Delhi,Kaveri Packaging,375,190,341.20,19
P002608,PLU-0649,Stainless Water Tap 25mm,Plumbing,Mumbai,Kaveri Packaging,689,203,341.20,29
P002609,PLU-0649,Stainless Water Tap 25mm,Plumbing,Kolkata,Kaveri Packaging,540,280,341.20,35
P002610,PLU-0649,Stainless Water Tap 25mm,Plumbing,Hyderabad,Kaveri Packaging,30,15,341.20,3
P002611,ELE-0650,Compact LED Bulb 1 inch,Electrical,Hyderabad,Bharat Hardware,916,380,711.89,38
P002612,ELE-0650,Compact LED Bulb 1 inch,Electrical,Chennai,Bharat Hardware,982,342,711.89,38
P002613,ELE-0650,Compact LED Bulb 1 inch,Electrical,Delhi,Bharat Hardware,152,56,711.89,14
P002614,ELE-0650,Compact LED Bulb 1 inch,Electrical,Kolkata,Bharat Hardware,381,203,711.89,29
P002615,ELE-0650,Compact LED Bulb 1 inch,Electrical,Mumbai,Bharat Hardware,74,50,711.89,5
P002616,TOL-0651,Heavy Duty Drill Bit 12mm,Tools,Delhi,Godrej Safety,351,189,1820.80,27
P002617,TOL-0651,Heavy Duty Drill Bit 12mm,Tools,Chennai,Godrej Safety,570,174,1820.80,29
P002618,TOL-0651,Heavy Duty Drill Bit 12mm,Tools,Kolkata,Godrej Safety,240,150,1820.80,15
P002619,TOL-0651,Heavy Duty Drill Bit 12mm,Tools,Hyderabad,Godrej Safety,191,54,1820.80,9
P002620,PLU-0652,Steel Water Tap 50mm,Plumbing,Chennai,Sri Lakshmi Supplies,12,6,211.16,2
P002621,PLU-0652,Steel Water Tap 50mm,Plumbing,Hyderabad,Sri Lakshmi Supplies,85,228,211.16,38
P002622,PLU-0652,Steel Water Tap 50mm,Plumbing,Mumbai,Sri Lakshmi Supplies,264,132,211.16,33
P002623,TOL-0653,Galvanized Drill Bit 50mm,Tools,Hyderabad,Mahindra Tools,116,280,1760.27,35
P002624,TOL-0653,Galvanized Drill Bit 50mm,Tools,Delhi,Mahindra Tools,481,252,1760.27,28
P002625,TOL-0653,Galvanized Drill Bit 50mm,Tools,Chennai,Mahindra Tools,73,44,1760.27,11
P002626,TOL-0654,Brass Drill Bit M6,Tools,Chennai,Godrej Safety,943,315,1690.37,35
P002627,TOL-0654,Brass Drill Bit M6,Tools,Mumbai,Godrej Safety,42,42,1690.37,14
P002628,TOL-0654,Brass Drill Bit M6,Tools,Hyderabad,Godrej Safety,93,93,1690.37,31
P002629,PKG-0655,Brass Stretch Film M10,Packaging,Delhi,Apex Industrial,128,176,201.81,22
P002630,PKG-0655,Brass Stretch Film M10,Packaging,Hyderabad,Apex Industrial,464,232,201.81,29
P002631,PKG-0655,Brass Stretch Film M10,Packaging,Mumbai,Apex Industrial,118,70,201.81,10
P002632,PKG-0655,Brass Stretch Film M10,Packaging,Chennai,Apex Industrial,396,198,201.81,33
P002633,ELE-0656,Zinc Glass Fuse 2.5mm,Electrical,Mumbai,Bharat Hardware,17,9,354.97,3
P002634,ELE-0656,Zinc Glass Fuse 2.5mm,Electrical,Delhi,Bharat Hardware,80,80,354.97,10
P002635,ELE-0656,Zinc Glass Fuse 2.5mm,Electrical,Chennai,Bharat Hardware,662,272,354.97,34
P002636,PKG-0657,Premium Stretch Film 2.5mm,Packaging,Mumbai,Apex Industrial,181,116,122.81,29
P002637,PKG-0657,Premium Stretch Film 2.5mm,Packaging,Chennai,Apex Industrial,261,80,122.81,16
P002638,PKG-0657,Premium Stretch Film 2.5mm,Packaging,Delhi,Apex Industrial,161,161,122.81,23
P002639,ELE-0658,Heavy Duty Switch Socket 12mm,Electrical,Mumbai,Bharat Hardware,614,256,789.76,32
P002640,ELE-0658,Heavy Duty Switch Socket 12mm,Electrical,Kolkata,Bharat Hardware,114,112,789.76,16
P002641,ELE-0658,Heavy Duty Switch Socket 12mm,Electrical,Hyderabad,Bharat Hardware,32,32,789.76,8
P002642,SAF-0659,Compact Dust Mask 25mm,Safety,Mumbai,Larsen Fittings,247,110,368.31,22
P002643,SAF-0659,Compact Dust Mask 25mm,Safety,Delhi,Larsen Fittings,224,96,368.31,12
P002644,SAF-0659,Compact Dust Mask 25mm,Safety,Chennai,Larsen Fittings,485,135,368.31,27
P002645,SAF-0659,Compact Dust Mask 25mm,Safety,Hyderabad,Larsen Fittings,800,342,368.31,38
P002646,PKG-0660,Steel Stretch Film M10,Packaging,Delhi,Apex Industrial,422,144,288.87,24
P002647,PKG-0660,Steel Stretch Film M10,Packaging,Hyderabad,Apex Industrial,1016,261,288.87,29
P002648,PKG-0660,Steel Stretch Film M10,Packaging,Mumbai,Apex Industrial,279,77,288.87,11
P002649,PKG-0660,Steel Stretch Film M10,Packaging,Chennai,Apex Industrial,101,36,288.87,12
P002650,PKG-0661,Rubber Packing Tape 1 inch,Packaging,Mumbai,Jindal Pipes,23,8,352.34,1
P002651,PKG-0661,Rubber Packing Tape 1 inch,Packaging,Delhi,Jindal Pipes,119,32,352.34,8
P002652,PKG-0661,Rubber Packing Tape 1 inch,Packaging,Kolkata,Jindal Pipes,339,95,352.34,19
P002653,FAS-0662,Compact Flat Washer 2.5mm,Fasteners,Delhi,Tata Steel Traders,456,152,208.79,38
P002654,FAS-0662,Compact Flat Washer 2.5mm,Fasteners,Kolkata,Tata Steel Traders,375,306,208.79,34
P002655,FAS-0662,Compact Flat Washer 2.5mm,Fasteners,Hyderabad,Tata Steel Traders,8,8,208.79,1
P002656,PLU-0663,Industrial Water Tap M10,Plumbing,Mumbai,Sri Lakshmi Supplies,766,279,257.47,31
P002657,PLU-0663,Industrial Water Tap M10,Plumbing,Delhi,Sri Lakshmi Supplies,96,81,257.47,27
P002658,PLU-0663,Industrial Water Tap M10,Plumbing,Hyderabad,Sri Lakshmi Supplies,120,60,257.47,20
P002659,PLU-0663,Industrial Water Tap M10,Plumbing,Chennai,Sri Lakshmi Supplies,544,165,257.47,33
P002660,PLU-0663,Industrial Water Tap M10,Plumbing,Kolkata,Sri Lakshmi Supplies,120,120,257.47,24
P002661,PKG-0664,Stainless Cardboard Box 50mm,Packaging,Mumbai,Jindal Pipes,42,42,368.79,7
P002662,PKG-0664,Stainless Cardboard Box 50mm,Packaging,Hyderabad,Jindal Pipes,7,145,368.79,29
P002663,PKG-0664,Stainless Cardboard Box 50mm,Packaging,Delhi,Jindal Pipes,158,108,368.79,36
P002664,PKG-0665,Stainless Label Roll M8,Packaging,Mumbai,Jindal Pipes,308,150,30.97,25
P002665,PKG-0665,Stainless Label Roll M8,Packaging,Chennai,Jindal Pipes,309,84,30.97,28
P002666,PKG-0665,Stainless Label Roll M8,Packaging,Delhi,Jindal Pipes,53,50,30.97,10
P002667,PKG-0665,Stainless Label Roll M8,Packaging,Hyderabad,Jindal Pipes,54,54,30.97,18
P002668,ELE-0666,Brass Copper Wire 25mm,Electrical,Kolkata,Bharat Hardware,194,60,390.53,20
P002669,ELE-0666,Brass Copper Wire 25mm,Electrical,Chennai,Bharat Hardware,234,88,390.53,22
P002670,ELE-0666,Brass Copper Wire 25mm,Electrical,Delhi,Bharat Hardware,48,24,390.53,4
P002671,ELE-0666,Brass Copper Wire 25mm,Electrical,Mumbai,Bharat Hardware,48,48,390.53,8
P002672,ELE-0666,Brass Copper Wire 25mm,Electrical,Hyderabad,Bharat Hardware,54,54,390.53,6
P002673,ELE-0667,Heavy Duty Circuit Breaker 12mm,Electrical,Delhi,Bharat Hardware,426,120,1173.56,40
P002674,ELE-0667,Heavy Duty Circuit Breaker 12mm,Electrical,Kolkata,Bharat Hardware,21,21,1173.56,3
P002675,ELE-0667,Heavy Duty Circuit Breaker 12mm,Electrical,Mumbai,Bharat Hardware,66,66,1173.56,11
P002676,ELE-0668,Heavy Duty Cable Tie 2.5mm,Electrical,Chennai,Bharat Hardware,123,88,426.87,22
P002677,ELE-0668,Heavy Duty Cable Tie 2.5mm,Electrical,Delhi,Bharat Hardware,602,224,426.87,28
P002678,ELE-0668,Heavy Duty Cable Tie 2.5mm,Electrical,Kolkata,Bharat Hardware,55,55,426.87,11
P002679,PKG-0669,Rubber Stretch Film 50mm,Packaging,Chennai,Jindal Pipes,41,30,323.65,3
P002680,PKG-0669,Rubber Stretch Film 50mm,Packaging,Hyderabad,Jindal Pipes,125,44,323.65,11
P002681,PKG-0669,Rubber Stretch Film 50mm,Packaging,Delhi,Jindal Pipes,359,96,323.65,32
P002682,PKG-0669,Rubber Stretch Film 50mm,Packaging,Mumbai,Jindal Pipes,274,77,323.65,11
P002683,SAF-0670,Compact Work Gloves M8,Safety,Kolkata,Havells Direct,1185,350,39.57,35
P002684,SAF-0670,Compact Work Gloves M8,Safety,Mumbai,Havells Direct,117,75,39.57,15
P002685,SAF-0670,Compact Work Gloves M8,Safety,Delhi,Havells Direct,155,54,39.57,6
P002686,SAF-0671,Premium Work Gloves 12mm,Safety,Kolkata,Larsen Fittings,120,80,13.80,10
P002687,SAF-0671,Premium Work Gloves 12mm,Safety,Chennai,Larsen Fittings,792,200,13.80,20
P002688,SAF-0671,Premium Work Gloves 12mm,Safety,Mumbai,Larsen Fittings,12,12,13.80,4
P002689,TOL-0672,Industrial Claw Hammer 12mm,Tools,Chennai,Mahindra Tools,142,36,615.91,6
P002690,TOL-0672,Industrial Claw Hammer 12mm,Tools,Kolkata,Mahindra Tools,283,105,615.91,21
P002691,TOL-0672,Industrial Claw Hammer 12mm,Tools,Delhi,Mahindra Tools,332,132,615.91,22
P002692,FAS-0673,Stainless Hex Nut M6,Fasteners,Mumbai,Tata Steel Traders,83,49,14.54,7
P002693,FAS-0673,Stainless Hex Nut M6,Fasteners,Kolkata,Tata Steel Traders,48,24,14.54,4
P002694,FAS-0673,Stainless Hex Nut M6,Fasteners,Hyderabad,Tata Steel Traders,138,160,14.54,16
P002695,FAS-0673,Stainless Hex Nut M6,Fasteners,Delhi,Tata Steel Traders,164,91,14.54,13
P002696,FAS-0673,Stainless Hex Nut M6,Fasteners,Chennai,Tata Steel Traders,46,27,14.54,9
P002697,ELE-0674,Brass Glass Fuse M6,Electrical,Delhi,Anand Electricals,346,120,1137.23,24
P002698,ELE-0674,Brass Glass Fuse M6,Electrical,Mumbai,Anand Electricals,303,112,1137.23,14
P002699,ELE-0674,Brass Glass Fuse M6,Electrical,Hyderabad,Anand Electricals,352,126,1137.23,14
P002700,TOL-0675,Stainless Drill Bit 2.5mm,Tools,Hyderabad,Godrej Safety,60,30,640.52,5
P002701,TOL-0675,Stainless Drill Bit 2.5mm,Tools,Delhi,Godrej Safety,499,175,640.52,35
P002702,TOL-0675,Stainless Drill Bit 2.5mm,Tools,Chennai,Godrej Safety,150,150,640.52,30
P002703,TOL-0675,Stainless Drill Bit 2.5mm,Tools,Kolkata,Godrej Safety,798,238,640.52,34
P002704,TOL-0675,Stainless Drill Bit 2.5mm,Tools,Mumbai,Godrej Safety,326,180,640.52,36
P002705,TOL-0676,Compact Screwdriver Set 2.5mm,Tools,Chennai,Mahindra Tools,443,248,1595.14,31
P002706,TOL-0676,Compact Screwdriver Set 2.5mm,Tools,Delhi,Mahindra Tools,117,117,1595.14,13
P002707,TOL-0676,Compact Screwdriver Set 2.5mm,Tools,Mumbai,Mahindra Tools,398,156,1595.14,26
P002708,TOL-0676,Compact Screwdriver Set 2.5mm,Tools,Kolkata,Mahindra Tools,105,90,1595.14,30
P002709,ELE-0677,Premium Copper Wire 12mm,Electrical,Delhi,Anand Electricals,309,152,612.51,19
P002710,ELE-0677,Premium Copper Wire 12mm,Electrical,Mumbai,Anand Electricals,160,160,612.51,20
P002711,ELE-0677,Premium Copper Wire 12mm,Electrical,Kolkata,Anand Electricals,274,234,612.51,26
P002712,ELE-0677,Premium Copper Wire 12mm,Electrical,Hyderabad,Anand Electricals,44,44,612.51,11
P002713,ELE-0678,Heavy Duty LED Bulb 25mm,Electrical,Delhi,Anand Electricals,325,140,45.43,20
P002714,ELE-0678,Heavy Duty LED Bulb 25mm,Electrical,Mumbai,Anand Electricals,291,140,45.43,35
P002715,ELE-0678,Heavy Duty LED Bulb 25mm,Electrical,Hyderabad,Anand Electricals,152,152,45.43,38
P002716,ELE-0679,Rubber Cable Tie M10,Electrical,Mumbai,Anand Electricals,469,152,294.45,38
P002717,ELE-0679,Rubber Cable Tie M10,Electrical,Chennai,Anand Electricals,69,30,294.45,5
P002718,ELE-0679,Rubber Cable Tie M10,Electrical,Hyderabad,Anand Electricals,542,154,294.45,22
P002719,SAF-0680,Stainless Safety Goggles 50mm,Safety,Delhi,Larsen Fittings,379,126,307.05,21
P002720,SAF-0680,Stainless Safety Goggles 50mm,Safety,Hyderabad,Larsen Fittings,304,152,307.05,19
P002721,SAF-0680,Stainless Safety Goggles 50mm,Safety,Chennai,Larsen Fittings,49,24,307.05,6
P002722,SAF-0680,Stainless Safety Goggles 50mm,Safety,Mumbai,Larsen Fittings,160,160,307.05,16
P002723,FAS-0681,Industrial Hex Nut 2.5mm,Fasteners,Hyderabad,Reliance Industrial,484,192,292.52,32
P002724,FAS-0681,Industrial Hex Nut 2.5mm,Fasteners,Kolkata,Reliance Industrial,207,207,292.52,23
P002725,FAS-0681,Industrial Hex Nut 2.5mm,Fasteners,Chennai,Reliance Industrial,82,36,292.52,4
P002726,FAS-0681,Industrial Hex Nut 2.5mm,Fasteners,Mumbai,Reliance Industrial,108,56,292.52,14
P002727,FAS-0682,Compact Rivet 25mm,Fasteners,Delhi,Reliance Industrial,96,56,160.29,8
P002728,FAS-0682,Compact Rivet 25mm,Fasteners,Kolkata,Reliance Industrial,195,50,160.29,5
P002729,FAS-0682,Compact Rivet 25mm,Fasteners,Mumbai,Reliance Industrial,452,208,160.29,26
P002730,FAS-0682,Compact Rivet 25mm,Fasteners,Chennai,Reliance Industrial,12,12,160.29,2
P002731,SAF-0683,Compact Work Gloves 1 inch,Safety,Kolkata,Larsen Fittings,323,182,188.49,26
P002732,SAF-0683,Compact Work Gloves 1 inch,Safety,Delhi,Larsen Fittings,90,70,188.49,7
P002733,SAF-0683,Compact Work Gloves 1 inch,Safety,Chennai,Larsen Fittings,521,150,188.49,30
P002734,FAS-0684,Zinc Anchor Bolt 25mm,Fasteners,Chennai,Tata Steel Traders,130,56,249.94,7
P002735,FAS-0684,Zinc Anchor Bolt 25mm,Fasteners,Kolkata,Tata Steel Traders,309,153,249.94,17
P002736,FAS-0684,Zinc Anchor Bolt 25mm,Fasteners,Mumbai,Tata Steel Traders,208,54,249.94,9
P002737,PKG-0685,Heavy Duty Packing Tape 1 inch,Packaging,Delhi,Jindal Pipes,10,10,314.88,1
P002738,PKG-0685,Heavy Duty Packing Tape 1 inch,Packaging,Chennai,Jindal Pipes,480,240,314.88,30
P002739,PKG-0685,Heavy Duty Packing Tape 1 inch,Packaging,Hyderabad,Jindal Pipes,144,120,314.88,30
P002740,PKG-0685,Heavy Duty Packing Tape 1 inch,Packaging,Mumbai,Jindal Pipes,221,240,314.88,24
P002741,PKG-0685,Heavy Duty Packing Tape 1 inch,Packaging,Kolkata,Jindal Pipes,336,168,314.88,21
P002742,SAF-0686,Compact Dust Mask M10,Safety,Hyderabad,Larsen Fittings,161,351,336.66,39
P002743,SAF-0686,Compact Dust Mask M10,Safety,Delhi,Larsen Fittings,37,252,336.66,28
P002744,SAF-0686,Compact Dust Mask M10,Safety,Kolkata,Larsen Fittings,215,144,336.66,18
P002745,TOL-0687,Galvanized Adjustable Spanner 25mm,Tools,Hyderabad,Mahindra Tools,63,63,1145.32,9
P002746,TOL-0687,Galvanized Adjustable Spanner 25mm,Tools,Chennai,Mahindra Tools,342,342,1145.32,38
P002747,TOL-0687,Galvanized Adjustable Spanner 25mm,Tools,Delhi,Mahindra Tools,530,156,1145.32,26
P002748,FAS-0688,Steel Rivet 25mm,Fasteners,Kolkata,Reliance Industrial,40,20,407.95,5
P002749,FAS-0688,Steel Rivet 25mm,Fasteners,Delhi,Reliance Industrial,96,152,407.95,38
P002750,FAS-0688,Steel Rivet 25mm,Fasteners,Hyderabad,Reliance Industrial,88,45,407.95,15
P002751,FAS-0688,Steel Rivet 25mm,Fasteners,Mumbai,Reliance Industrial,88,88,407.95,22
P002752,FAS-0688,Steel Rivet 25mm,Fasteners,Chennai,Reliance Industrial,100,50,407.95,5
P002753,PLU-0689,Zinc Ball Valve M8,Plumbing,Kolkata,Sri Lakshmi Supplies,27,10,176.29,1
P002754,PLU-0689,Zinc Ball Valve M8,Plumbing,Hyderabad,Sri Lakshmi Supplies,147,48,176.29,6
P002755,PLU-0689,Zinc Ball Valve M8,Plumbing,Delhi,Sri Lakshmi Supplies,308,234,176.29,39
P002756,PLU-0689,Zinc Ball Valve M8,Plumbing,Mumbai,Sri Lakshmi Supplies,197,114,176.29,19
P002757,TOL-0690,Premium Hacksaw Blade M6,Tools,Mumbai,Godrej Safety,371,168,1960.08,21
P002758,TOL-0690,Premium Hacksaw Blade M6,Tools,Delhi,Godrej Safety,223,60,1960.08,12
P002759,TOL-0690,Premium Hacksaw Blade M6,Tools,Chennai,Godrej Safety,970,360,1960.08,36
P002760,PLU-0691,Galvanized Pipe Clamp M6,Plumbing,Delhi,Kaveri Packaging,120,60,185.73,12
P002761,PLU-0691,Galvanized Pipe Clamp M6,Plumbing,Kolkata,Kaveri Packaging,798,225,185.73,25
P002762,PLU-0691,Galvanized Pipe Clamp M6,Plumbing,Mumbai,Kaveri Packaging,250,250,185.73,25
P002763,PLU-0691,Galvanized Pipe Clamp M6,Plumbing,Chennai,Kaveri Packaging,505,240,185.73,40
P002764,ELE-0692,Steel LED Bulb M6,Electrical,Hyderabad,Bharat Hardware,13,7,1203.46,1
P002765,ELE-0692,Steel LED Bulb M6,Electrical,Kolkata,Bharat Hardware,69,230,1203.46,23
P002766,ELE-0692,Steel LED Bulb M6,Electrical,Chennai,Bharat Hardware,112,56,1203.46,8
P002767,ELE-0692,Steel LED Bulb M6,Electrical,Mumbai,Bharat Hardware,126,63,1203.46,7
P002768,ELE-0693,Zinc Copper Wire 25mm,Electrical,Delhi,Bharat Hardware,758,272,999.38,34
P002769,ELE-0693,Zinc Copper Wire 25mm,Electrical,Hyderabad,Bharat Hardware,356,272,999.38,34
P002770,ELE-0693,Zinc Copper Wire 25mm,Electrical,Mumbai,Bharat Hardware,915,260,999.38,26
P002771,ELE-0693,Zinc Copper Wire 25mm,Electrical,Chennai,Bharat Hardware,513,130,999.38,26
P002772,ELE-0693,Zinc Copper Wire 25mm,Electrical,Kolkata,Bharat Hardware,78,35,999.38,5
P002773,SAF-0694,Compact Ear Plug M6,Safety,Mumbai,Larsen Fittings,736,234,43.02,39
P002774,SAF-0694,Compact Ear Plug M6,Safety,Hyderabad,Larsen Fittings,503,180,43.02,20
P002775,SAF-0694,Compact Ear Plug M6,Safety,Kolkata,Larsen Fittings,178,50,43.02,5
P002776,TOL-0695,Heavy Duty Claw Hammer 12mm,Tools,Delhi,Godrej Safety,158,45,455.95,15
P002777,TOL-0695,Heavy Duty Claw Hammer 12mm,Tools,Mumbai,Godrej Safety,54,27,455.95,3
P002778,TOL-0695,Heavy Duty Claw Hammer 12mm,Tools,Hyderabad,Godrej Safety,42,42,455.95,7
P002779,TOL-0695,Heavy Duty Claw Hammer 12mm,Tools,Chennai,Godrej Safety,650,184,455.95,23
P002780,TOL-0695,Heavy Duty Claw Hammer 12mm,Tools,Kolkata,Godrej Safety,199,93,455.95,31
P002781,SAF-0696,Rubber Dust Mask 50mm,Safety,Chennai,Havells Direct,7,6,232.94,2
P002782,SAF-0696,Rubber Dust Mask 50mm,Safety,Delhi,Havells Direct,12,6,232.94,2
P002783,SAF-0696,Rubber Dust Mask 50mm,Safety,Mumbai,Havells Direct,296,170,232.94,34
P002784,SAF-0696,Rubber Dust Mask 50mm,Safety,Kolkata,Havells Direct,96,48,232.94,12
P002785,SAF-0696,Rubber Dust Mask 50mm,Safety,Hyderabad,Havells Direct,74,90,232.94,30
P002786,PKG-0697,Industrial Cardboard Box 1 inch,Packaging,Delhi,Apex Industrial,126,126,330.28,21
P002787,PKG-0697,Industrial Cardboard Box 1 inch,Packaging,Chennai,Apex Industrial,126,112,330.28,28
P002788,PKG-0697,Industrial Cardboard Box 1 inch,Packaging,Mumbai,Apex Industrial,245,80,330.28,20
P002789,PKG-0697,Industrial Cardboard Box 1 inch,Packaging,Hyderabad,Apex Industrial,368,174,330.28,29
P002790,PKG-0697,Industrial Cardboard Box 1 inch,Packaging,Kolkata,Apex Industrial,180,116,330.28,29
P002791,SAF-0698,Zinc Reflective Vest 2.5mm,Safety,Kolkata,Larsen Fittings,796,252,17.44,28
P002792,SAF-0698,Zinc Reflective Vest 2.5mm,Safety,Hyderabad,Larsen Fittings,45,25,17.44,5
P002793,SAF-0698,Zinc Reflective Vest 2.5mm,Safety,Delhi,Larsen Fittings,240,120,17.44,20
P002794,SAF-0698,Zinc Reflective Vest 2.5mm,Safety,Chennai,Larsen Fittings,268,117,17.44,39
P002795,SAF-0698,Zinc Reflective Vest 2.5mm,Safety,Mumbai,Larsen Fittings,196,76,17.44,19
P002796,PLU-0699,Industrial Elbow Joint 50mm,Plumbing,Mumbai,Kaveri Packaging,192,192,293.53,24
P002797,PLU-0699,Industrial Elbow Joint 50mm,Plumbing,Delhi,Kaveri Packaging,234,117,293.53,13
P002798,PLU-0699,Industrial Elbow Joint 50mm,Plumbing,Hyderabad,Kaveri Packaging,80,40,293.53,4
P002799,PLU-0699,Industrial Elbow Joint 50mm,Plumbing,Chennai,Kaveri Packaging,186,93,293.53,31
P002800,PLU-0699,Industrial Elbow Joint 50mm,Plumbing,Kolkata,Kaveri Packaging,139,153,293.53,17
P002801,PLU-0700,Stainless Elbow Joint M8,Plumbing,Mumbai,Kaveri Packaging,10,10,69.17,2
P002802,PLU-0700,Stainless Elbow Joint M8,Plumbing,Chennai,Kaveri Packaging,3,12,69.17,2
P002803,PLU-0700,Stainless Elbow Joint M8,Plumbing,Hyderabad,Kaveri Packaging,95,108,69.17,12
P002804,PLU-0700,Stainless Elbow Joint M8,Plumbing,Kolkata,Kaveri Packaging,311,217,69.17,31
